date,iip_growth_pct,source,base_year
2012-04-01,-0.7,MOSPI / RBI DBIE,2011-12
2012-05-01,5.0,MOSPI / RBI DBIE,2011-12
2012-06-01,2.3,MOSPI / RBI DBIE,2011-12
2012-07-01,1.5,MOSPI / RBI DBIE,2011-12
2012-08-01,-0.1,MOSPI / RBI DBIE,2011-12
2012-09-01,-1.0,MOSPI / RBI DBIE,2011-12
2012-10-01,3.7,MOSPI / RBI DBIE,2011-12
2012-11-01,-1.7,MOSPI / RBI DBIE,2011-12
2012-12-01,7.1,MOSPI / RBI DBIE,2011-12
2013-01-01,7.2,MOSPI / RBI DBIE,2011-12
2013-02-01,1.4,MOSPI / RBI DBIE,2011-12
2013-03-01,15.2,MOSPI / RBI DBIE,2011-12
2013-04-01,3.3,MOSPI / RBI DBIE,2011-12
2013-05-01,1.0,MOSPI / RBI DBIE,2011-12
2013-06-01,-1.0,MOSPI / RBI DBIE,2011-12
2013-07-01,3.2,MOSPI / RBI DBIE,2011-12
2013-08-01,4.4,MOSPI / RBI DBIE,2011-12
2013-09-01,6.8,MOSPI / RBI DBIE,2011-12
2013-10-01,1.9,MOSPI / RBI DBIE,2011-12
2013-11-01,3.7,MOSPI / RBI DBIE,2011-12
2013-12-01,3.5,MOSPI / RBI DBIE,2011-12
2014-01-01,4.8,MOSPI / RBI DBIE,2011-12
2014-02-01,5.2,MOSPI / RBI DBIE,2011-12
2014-03-01,2.9,MOSPI / RBI DBIE,2011-12
2014-04-01,3.9,MOSPI / RBI DBIE,2011-12
2014-05-01,4.7,MOSPI / RBI DBIE,2011-12
2014-06-01,8.3,MOSPI / RBI DBIE,2011-12
2014-07-01,5.4,MOSPI / RBI DBIE,2011-12
2014-08-01,3.5,MOSPI / RBI DBIE,2011-12
2014-09-01,4.3,MOSPI / RBI DBIE,2011-12
2014-10-01,0.3,MOSPI / RBI DBIE,2011-12
2014-11-01,7.4,MOSPI / RBI DBIE,2011-12
2014-12-01,4.0,MOSPI / RBI DBIE,2011-12
2015-01-01,1.8,MOSPI / RBI DBIE,2011-12
2015-02-01,3.0,MOSPI / RBI DBIE,2011-12
2015-03-01,2.4,MOSPI / RBI DBIE,2011-12
2015-04-01,0.7,MOSPI / RBI DBIE,2011-12
2015-05-01,1.8,MOSPI / RBI DBIE,2011-12
2015-06-01,1.0,MOSPI / RBI DBIE,2011-12
2015-07-01,1.3,MOSPI / RBI DBIE,2011-12
2015-08-01,3.7,MOSPI / RBI DBIE,2011-12
2015-09-01,2.2,MOSPI / RBI DBIE,2011-12
2015-10-01,9.0,MOSPI / RBI DBIE,2011-12
2015-11-01,0.8,MOSPI / RBI DBIE,2011-12
2015-12-01,3.1,MOSPI / RBI DBIE,2011-12
2016-01-01,4.0,MOSPI / RBI DBIE,2011-12
2016-02-01,7.2,MOSPI / RBI DBIE,2011-12
2016-03-01,5.2,MOSPI / RBI DBIE,2011-12
2016-04-01,6.0,MOSPI / RBI DBIE,2011-12
2016-05-01,7.3,MOSPI / RBI DBIE,2011-12
2016-06-01,8.0,MOSPI / RBI DBIE,2011-12
2016-07-01,4.5,MOSPI / RBI DBIE,2011-12
2016-08-01,4.0,MOSPI / RBI DBIE,2011-12
2016-09-01,5.0,MOSPI / RBI DBIE,2011-12
2016-10-01,4.2,MOSPI / RBI DBIE,2011-12
2016-11-01,5.1,MOSPI / RBI DBIE,2011-12
2016-12-01,2.4,MOSPI / RBI DBIE,2011-12
2017-01-01,3.5,MOSPI / RBI DBIE,2011-12
2017-02-01,1.2,MOSPI / RBI DBIE,2011-12
2017-03-01,4.4,MOSPI / RBI DBIE,2011-12
2017-04-01,3.2,MOSPI / RBI DBIE,2011-12
2017-05-01,2.9,MOSPI / RBI DBIE,2011-12
2017-06-01,-0.3,MOSPI / RBI DBIE,2011-12
2017-07-01,1.0,MOSPI / RBI DBIE,2011-12
2017-08-01,4.8,MOSPI / RBI DBIE,2011-12
2017-09-01,4.1,MOSPI / RBI DBIE,2011-12
2017-10-01,1.8,MOSPI / RBI DBIE,2011-12
2017-11-01,8.5,MOSPI / RBI DBIE,2011-12
2017-12-01,7.3,MOSPI / RBI DBIE,2011-12
2018-01-01,7.5,MOSPI / RBI DBIE,2011-12
2018-02-01,6.9,MOSPI / RBI DBIE,2011-12
2018-03-01,5.3,MOSPI / RBI DBIE,2011-12
2018-04-01,4.5,MOSPI / RBI DBIE,2011-12
2018-05-01,3.8,MOSPI / RBI DBIE,2011-12
2018-06-01,7.0,MOSPI / RBI DBIE,2011-12
2018-07-01,6.5,MOSPI / RBI DBIE,2011-12
2018-08-01,4.8,MOSPI / RBI DBIE,2011-12
2018-09-01,4.6,MOSPI / RBI DBIE,2011-12
2018-10-01,8.4,MOSPI / RBI DBIE,2011-12
2018-11-01,0.2,MOSPI / RBI DBIE,2011-12
2018-12-01,2.5,MOSPI / RBI DBIE,2011-12
2019-01-01,1.6,MOSPI / RBI DBIE,2011-12
2019-02-01,0.2,MOSPI / RBI DBIE,2011-12
2019-03-01,2.7,MOSPI / RBI DBIE,2011-12
2019-04-01,3.2,MOSPI / RBI DBIE,2011-12
2019-05-01,4.5,MOSPI / RBI DBIE,2011-12
2019-06-01,1.3,MOSPI / RBI DBIE,2011-12
2019-07-01,4.9,MOSPI / RBI DBIE,2011-12
2019-08-01,-1.4,MOSPI / RBI DBIE,2011-12
2019-09-01,-4.6,MOSPI / RBI DBIE,2011-12
2019-10-01,-6.6,MOSPI / RBI DBIE,2011-12
2019-11-01,2.1,MOSPI / RBI DBIE,2011-12
2019-12-01,0.4,MOSPI / RBI DBIE,2011-12
2020-01-01,2.2,MOSPI / RBI DBIE,2011-12
2020-02-01,5.2,MOSPI / RBI DBIE,2011-12
2020-03-01,-18.7,MOSPI / RBI DBIE,2011-12
2020-04-01,-57.3,MOSPI / RBI DBIE,2011-12
2020-05-01,-33.4,MOSPI / RBI DBIE,2011-12
2020-06-01,-16.6,MOSPI / RBI DBIE,2011-12
2020-07-01,-10.5,MOSPI / RBI DBIE,2011-12
2020-08-01,-7.1,MOSPI / RBI DBIE,2011-12
2020-09-01,1.0,MOSPI / RBI DBIE,2011-12
2020-10-01,4.5,MOSPI / RBI DBIE,2011-12
2020-11-01,-1.6,MOSPI / RBI DBIE,2011-12
2020-12-01,2.2,MOSPI / RBI DBIE,2011-12
2021-01-01,-0.6,MOSPI / RBI DBIE,2011-12
2021-02-01,-3.2,MOSPI / RBI DBIE,2011-12
2021-03-01,24.2,MOSPI / RBI DBIE,2011-12
2021-04-01,134.4,MOSPI / RBI DBIE,2011-12
2021-05-01,27.6,MOSPI / RBI DBIE,2011-12
2021-06-01,13.8,MOSPI / RBI DBIE,2011-12
2021-07-01,11.5,MOSPI / RBI DBIE,2011-12
2021-08-01,13.0,MOSPI / RBI DBIE,2011-12
2021-09-01,4.4,MOSPI / RBI DBIE,2011-12
2021-10-01,4.2,MOSPI / RBI DBIE,2011-12
2021-11-01,1.0,MOSPI / RBI DBIE,2011-12
2021-12-01,1.0,MOSPI / RBI DBIE,2011-12
2022-01-01,1.5,MOSPI / RBI DBIE,2011-12
2022-02-01,1.7,MOSPI / RBI DBIE,2011-12
2022-03-01,2.2,MOSPI / RBI DBIE,2011-12
2022-04-01,6.3,MOSPI / RBI DBIE,2011-12
2022-05-01,19.6,MOSPI / RBI DBIE,2011-12
2022-06-01,12.7,MOSPI / RBI DBIE,2011-12
2022-07-01,2.4,MOSPI / RBI DBIE,2011-12
2022-08-01,0.8,MOSPI / RBI DBIE,2011-12
2022-09-01,3.5,MOSPI / RBI DBIE,2011-12
2022-10-01,4.2,MOSPI / RBI DBIE,2011-12
2022-11-01,7.1,MOSPI / RBI DBIE,2011-12
2022-12-01,4.3,MOSPI / RBI DBIE,2011-12
2023-01-01,5.8,MOSPI / RBI DBIE,2011-12
2023-02-01,6.0,MOSPI / RBI DBIE,2011-12
2023-03-01,1.9,MOSPI / RBI DBIE,2011-12
2023-04-01,4.6,MOSPI / RBI DBIE,2011-12
2023-05-01,5.7,MOSPI / RBI DBIE,2011-12
2023-06-01,4.0,MOSPI / RBI DBIE,2011-12
2023-07-01,6.2,MOSPI / RBI DBIE,2011-12
2023-08-01,10.9,MOSPI / RBI DBIE,2011-12
2023-09-01,6.4,MOSPI / RBI DBIE,2011-12
2023-10-01,11.9,MOSPI / RBI DBIE,2011-12
2023-11-01,2.5,MOSPI / RBI DBIE,2011-12
2023-12-01,4.4,MOSPI / RBI DBIE,2011-12
2024-01-01,4.2,MOSPI / RBI DBIE,2011-12
2024-02-01,5.6,MOSPI / RBI DBIE,2011-12
2024-03-01,5.5,MOSPI / RBI DBIE,2011-12
2024-04-01,5.2,MOSPI / RBI DBIE,2011-12
2024-05-01,6.3,MOSPI / RBI DBIE,2011-12
2024-06-01,4.9,MOSPI / RBI DBIE,2011-12
2024-07-01,5.0,MOSPI / RBI DBIE,2011-12
2024-08-01,0.0,MOSPI / RBI DBIE,2011-12
2024-09-01,3.2,MOSPI / RBI DBIE,2011-12
2024-10-01,3.7,MOSPI / RBI DBIE,2011-12
2024-11-01,5.0,MOSPI / RBI DBIE,2011-12
2024-12-01,3.7,MOSPI / RBI DBIE,2011-12
2025-01-01,5.2,MOSPI / RBI DBIE,2011-12
2025-02-01,2.7,MOSPI / RBI DBIE,2011-12
2025-03-01,3.9,MOSPI / RBI DBIE,2011-12
2025-04-01,2.6,MOSPI / RBI DBIE,2011-12
2025-05-01,1.9,MOSPI / RBI DBIE,2011-12
2025-06-01,1.5,MOSPI / RBI DBIE,2011-12
2025-07-01,4.3,MOSPI / RBI DBIE,2011-12
2025-08-01,4.1,MOSPI / RBI DBIE,2011-12
2025-09-01,4.6,MOSPI / RBI DBIE,2011-12
2025-10-01,0.4,MOSPI / RBI DBIE,2011-12
