date,recession_label,iip_growth_pct,cpi_yoy_pct,gdp_growth_pct,repo_rate_pct,yield_spread_bps,credit_growth_yoy_pct,unemployment_rate_pct,sentiment_score,iip_3m_rolling_avg,cpi_momentum_3m,repo_rate_change,gdp_lag1q,iip_lag1m,yield_spread_lag1,year,month,fiscal_year,finbert_composite,sent_mpc,sent_budget,sent_rbi_governor,sent_econ_survey,inr_level,inr_depreciation_3m,vix_level,vix_change,oil_price_usd,oil_change_3m,nifty_return_3m,market_stress
2012-01-01,0,-0.7,10.36,5.1,8.5,182.1,17.2,3.4,0.15,-0.7,-0.5,0.0,5.1,-0.7,182.1,2012,January,FY12,0.0,-0.0428,0.1926,-0.0551,0.0926,52.49300003051758,0.08572222757159409,22.65999984741211,4.270000457763672,122.66000366210938,0.17935234366583952,0.9405183890705437,-0.43227049532816725
2012-02-01,0,-0.7,10.36,5.1,8.5,188.5,17.2,3.4,0.15,-0.7,-0.5,0.0,5.1,-0.7,182.1,2012,February,FY12,0.0,-0.0428,0.1926,-0.0551,0.0926,49.06800079345703,0.08572222757159409,26.93000030517578,4.270000457763672,122.66000366210938,0.17935234366583952,0.9405183890705437,-0.23375738468575247
2012-03-01,0,-0.7,10.36,5.1,8.5,175.5,17.2,3.4,0.15,-0.7,-0.5,0.0,5.1,-0.7,188.5,2012,March,FY12,0.0,-0.0428,0.1926,-0.0551,0.0926,50.86800003051758,0.08572222757159409,22.3799991607666,-4.55000114440918,122.87999725341797,0.17935234366583952,0.9405183890705437,-0.5372663553839728
2012-04-01,0,-0.7,10.36,5.1,8.5,190.3,17.0,3.4,0.15,-0.7,-0.5,0.0,5.1,-0.7,175.5,2012,April,FY13,0.0,-0.0428,0.1926,-0.0551,0.0926,52.53799819946289,0.08572222757159409,17.81999969482422,-4.559999465942383,122.87999725341797,0.17935234366583952,0.9405183890705437,-0.8481038072332407
2012-05-01,0,5.0,10.36,5.1,8.0,179.8,17.0,3.4,0.15,2.15,-0.5,-0.5,5.1,-0.7,190.3,2012,May,FY13,0.0,-0.0428,0.1926,-0.0551,0.0926,56.22800064086914,14.591994235817452,25.25,7.430000305175781,101.87000274658203,-16.949290962682028,-8.559573991580294,-0.022812242042727582
2012-06-01,0,2.3,10.36,5.1,8.0,182.1,17.0,3.4,0.15,2.2,-0.5,0.0,5.1,5.0,179.8,2012,June,FY13,0.0,-0.0428,0.1926,-0.0551,0.0926,55.50299835205078,9.111815520076473,19.079999923706055,-6.170000076293945,97.80000305175781,-20.4101519875014,-0.31441310077022777,-0.5918201701762521
2012-07-01,0,1.5,9.86,5.4,8.0,178.0,16.5,3.4,0.15,2.9333333333333336,-0.5,0.0,5.1,2.3,182.1,2012,July,FY13,0.0,-0.0428,0.1926,-0.0551,0.0926,55.42300033569336,5.491267720702697,16.010000228881836,-3.0699996948242188,97.80000305175781,-20.4101519875014,-0.3648886312336064,-0.8609797885981388
2012-08-01,0,-0.1,9.86,5.4,8.0,201.4,16.5,3.4,0.15,1.2333333333333332,-0.5,0.0,5.1,1.5,178.0,2012,August,FY13,0.0,-0.0428,0.1926,-0.0551,0.0926,55.62799835205078,-1.0670880735215937,17.299999237060547,1.289999008178711,114.56999969482422,12.466866207744665,6.787835711021972,-0.7393574768264711
2012-09-01,0,-1.0,9.86,5.4,8.0,181.4,16.5,3.4,0.15,0.1333333333333333,-0.5,0.0,5.1,-0.1,201.4,2012,September,FY13,0.0,-0.0428,0.1926,-0.0551,0.0926,52.847999572753906,-4.783523157535463,16.15999984741211,-1.1399993896484375,112.38999938964844,14.918196199001432,8.039551993689509,-0.9760756825731572
2012-10-01,0,3.7,9.75,4.6,8.0,169.5,16.0,3.4,0.15,0.8666666666666667,-0.1099999999999994,0.0,5.4,-1.0,181.4,2012,October,FY13,0.0,-0.0428,0.1926,-0.0551,0.0926,53.95800018310547,-2.6433071896405536,14.399999618530273,-1.760000228881836,108.69999694824219,11.145187685439929,7.471795664802072,-1.0729021372056884
2012-11-01,0,-1.7,9.75,4.6,7.5,186.7,16.0,3.4,0.15,0.3333333333333334,-0.1099999999999994,-0.5,5.4,3.7,169.5,2012,November,FY13,0.0,-0.0428,0.1926,-0.0551,0.0926,54.8380012512207,-1.4201429572037738,15.149999618530273,0.75,111.2300033569336,-2.9152451311750482,11.816109112032901,-0.9643566968796421
2012-12-01,0,7.1,9.75,4.6,7.5,164.5,16.0,3.4,0.15,3.033333333333333,-0.1099999999999994,0.0,5.4,-1.7,186.7,2012,December,FY13,0.0,-0.0428,0.1926,-0.0551,0.0926,54.75299835205078,3.6046752851530917,14.949999809265137,-0.19999980926513672,111.11000061035156,-1.1388902804948087,3.538307644337624,-0.9858594645672188
2013-01-01,0,7.2,10.79,4.8,7.5,177.0,15.8,3.4,0.15,4.2,1.0399999999999991,0.0,4.6,7.1,164.5,2013,January,FY13,0.0,-0.0428,0.1926,-0.0551,0.0926,53.303001403808594,-1.213904846499403,14.130000114440918,-0.8199996948242188,115.55000305175781,6.301753722014625,7.38562183501712,-1.1287967726818575
2013-02-01,0,1.4,10.79,4.8,7.75,153.3,15.8,3.4,0.15,5.233333333333333,1.0399999999999991,0.25,4.6,7.2,177.0,2013,February,FY13,0.0,-0.0428,0.1926,-0.0551,0.0926,53.858001708984375,-1.7870810749407329,14.859999656677246,0.7299995422363281,111.37999725341797,0.1348502130338325,-3.1769567228118634,-1.0381409508321262
2013-03-01,0,15.2,10.79,4.8,7.75,157.5,15.8,3.4,0.15,7.933333333333334,1.0399999999999991,0.0,4.6,1.4,153.3,2013,March,FY13,0.0,-0.0428,0.1926,-0.0551,0.0926,54.27799987792969,-0.8675296119254439,15.220000267028809,0.3600006103515625,110.0199966430664,-0.9810133753015315,-3.7687810416131784,-0.986158553274934
2013-04-01,0,3.3,9.39,4.6,7.5,170.6,15.3,3.4,0.15,6.633333333333334,-1.3999999999999986,-0.25,4.8,15.2,157.5,2013,April,FY14,0.0,-0.0428,0.1926,-0.0551,0.0926,54.22800064086914,1.7353605101015024,15.100000381469727,-0.11999988555908203,102.37000274658203,-11.406317574281777,-1.7324628971788436,-0.9990103602899615
2013-05-01,0,1.0,9.39,4.6,7.5,173.7,15.3,3.4,0.15,6.5,-1.3999999999999986,0.0,4.8,3.3,170.6,2013,May,FY14,0.0,-0.0428,0.1926,-0.0551,0.0926,56.37799835205078,4.678964245058559,16.989999771118164,1.8899993896484375,100.38999938964844,-9.867119891163645,5.144876659674291,-0.7288378418220611
2013-06-01,0,-1.0,9.39,4.6,7.5,165.7,15.3,3.4,0.15,1.1,-1.3999999999999986,0.0,4.8,1.0,173.7,2013,June,FY14,0.0,-0.0428,0.1926,-0.0551,0.0926,59.5260009765625,9.668744446065581,17.950000762939453,0.9600009918212891,102.16000366210938,-7.144149446265569,2.8094851098938944,-0.4893670738446687
2013-07-01,0,3.2,9.64,5.2,7.5,160.3,15.0,3.4,0.15,1.0666666666666669,0.25,0.0,4.6,-1.0,165.7,2013,July,FY14,0.0,-0.0428,0.1926,-0.0551,0.0926,60.80799865722656,12.133949138073842,18.770000457763672,0.8199996948242188,107.69999694824219,5.206597693324877,-3.17358924006077,-0.35478422704934953
2013-08-01,0,4.4,9.64,5.2,7.5,155.9,15.0,3.4,0.15,2.2,0.25,0.0,4.6,3.2,160.3,2013,August,FY14,0.0,-0.0428,0.1926,-0.0551,0.0926,65.697998046875,16.531271005092705,27.809999465942383,9.039999008178711,114.01000213623047,13.567091173811118,-8.589286142534613,0.6692511370407613
2013-09-01,0,6.8,9.64,5.2,7.5,141.6,15.0,3.4,0.15,4.8,0.25,0.0,4.6,4.4,155.9,2013,September,FY14,0.0,-0.0428,0.1926,-0.0551,0.0926,62.90999984741211,5.684908805115274,26.649999618530273,-1.1599998474121094,114.01000213623047,11.59944993083062,-1.8297967726400688,0.43040752116552267
2013-10-01,0,1.9,10.09,4.8,7.5,146.5,14.8,3.4,0.15,4.366666666666666,0.4499999999999993,0.0,5.2,6.8,141.6,2013,October,FY14,0.0,-0.0428,0.1926,-0.0551,0.0926,61.31999969482422,0.8419961993549441,18.389999389648438,-8.260000228881836,108.83999633789062,1.0584952850057006,9.703063433363802,-0.36214669899485563
2013-11-01,0,3.7,10.09,4.8,7.75,146.5,14.8,3.4,0.15,4.133333333333333,0.4499999999999993,0.25,5.2,1.9,146.5,2013,November,FY14,0.0,-0.0428,0.1926,-0.0551,0.0926,62.391998291015625,-5.032116432985633,21.3799991607666,2.989999771118164,109.69000244140625,-3.789140964721893,12.871455793492315,-0.050565989933729905
2013-12-01,0,3.5,10.09,4.8,7.75,159.0,14.8,3.4,0.15,3.033333333333333,0.4499999999999993,0.0,5.2,3.7,146.5,2013,December,FY14,0.0,-0.0428,0.1926,-0.0551,0.0926,61.779998779296875,-1.7962185198792668,15.119999885559082,-6.2599992752075195,109.69000244140625,-3.789140964721893,9.915788444881258,-0.6217283643378043
2014-01-01,0,4.8,8.79,4.6,7.75,149.1,14.5,3.4,0.15,4.0,-1.3000000000000007,0.0,4.8,3.5,159.0,2014,January,FY14,0.0,-0.0428,0.1926,-0.0551,0.0926,62.310001373291016,1.6144841542625743,16.81999969482422,1.6999998092651367,106.4000015258789,-2.241818168053611,-3.3282253255434435,-0.4485286738999475
2014-02-01,0,5.2,8.79,4.6,8.0,125.3,14.5,3.4,0.15,4.5,-1.3000000000000007,0.25,4.8,4.8,149.1,2014,February,FY14,0.0,-0.0428,0.1926,-0.0551,0.0926,62.02000045776367,-0.5962268294675277,14.180000305175781,-2.6399993896484375,109.06999969482422,-0.5652317738922719,1.632909053635978,-0.6909888590864258
2014-03-01,0,2.9,8.79,4.6,8.0,143.5,14.5,3.4,0.15,4.3,-1.3000000000000007,0.0,4.8,5.2,125.3,2014,March,FY14,0.0,-0.0428,0.1926,-0.0551,0.0926,59.84000015258789,-3.140172653028761,21.6200008392334,7.440000534057617,107.76000213623047,-1.7595042959423268,6.348353352038383,-0.1567437570515206
2014-04-01,0,3.9,8.33,5.7,8.0,133.7,14.2,3.4,0.15,4.0,-0.4599999999999991,0.0,4.6,2.9,143.5,2014,April,FY15,0.0,-0.0428,0.1926,-0.0551,0.0926,60.417999267578125,-3.0364340619704944,30.59000015258789,8.969999313354492,108.06999969482422,1.5695471287555662,9.966333891842517,0.6468130293404027
2014-05-01,0,4.7,8.33,5.7,8.0,128.2,14.2,3.4,0.15,3.8333333333333335,-0.4599999999999991,0.0,4.6,3.9,133.7,2014,May,FY15,0.0,-0.0428,0.1926,-0.0551,0.0926,58.900001525878906,-5.030633519600702,16.34000015258789,-14.25,109.41000366210938,0.31173005247682184,15.182532445640252,-0.6595666279901425
2014-06-01,0,8.3,8.33,5.7,8.0,138.4,14.2,3.4,0.15,5.633333333333333,-0.4599999999999991,0.0,4.6,4.7,128.2,2014,June,FY15,0.0,-0.0428,0.1926,-0.0551,0.0926,60.03799819946289,0.33087908818536516,17.8700008392334,1.5300006866455078,109.41000366210938,1.5311817865342636,13.531068224633547,-0.470816143691578
2014-07-01,0,5.4,7.24,6.0,8.0,140.1,13.9,3.4,0.15,6.133333333333334,-1.09,0.0,5.7,8.3,138.4,2014,July,FY15,0.0,-0.0428,0.1926,-0.0551,0.0926,60.25,-0.27806162007134594,13.819999694824219,-4.05000114440918,106.0199966430664,-1.8969214930570577,15.305237400547611,-0.8101057273202887
2014-08-01,0,3.5,7.24,6.0,8.0,136.6,13.9,3.4,0.15,5.733333333333334,-1.09,0.0,5.7,5.4,140.1,2014,August,FY15,0.0,-0.0428,0.1926,-0.0551,0.0926,60.51300048828125,2.7385380655612357,13.069999694824219,-0.75,103.19000244140625,-5.685038856147317,10.019431431400605,-0.8618106681102538
2014-09-01,0,4.3,7.24,6.0,8.0,116.5,13.9,3.4,0.15,4.4,-1.09,0.0,5.7,3.5,136.6,2014,September,FY15,0.0,-0.0428,0.1926,-0.0551,0.0926,61.553001403808594,2.52340725837068,13.149999618530273,0.07999992370605469,94.66999816894531,-13.472264875052542,4.643718952569098,-0.8031820450303474
2014-10-01,0,0.3,5.52,6.2,8.0,119.4,13.6,3.4,0.15,2.7,-1.7200000000000006,0.0,6.0,4.3,116.5,2014,October,FY15,0.0,-0.0428,0.1926,-0.0551,0.0926,61.43299865722656,1.9634832485088127,13.300000190734863,0.15000057220458984,85.86000061035156,-19.01527699589235,7.782373509965268,-0.796192884102586
2014-11-01,0,7.4,5.52,6.2,8.0,123.6,13.6,3.4,0.15,4.0,-1.7200000000000006,0.0,6.0,0.3,119.4,2014,November,FY15,0.0,-0.0428,0.1926,-0.0551,0.0926,61.85300064086914,2.2144004458139355,12.899999618530273,-0.40000057220458984,70.1500015258789,-32.018606583799865,7.9692230611087655,-0.809857914459529
2014-12-01,0,4.0,5.52,6.2,8.0,127.9,13.6,3.4,0.15,3.9,-1.7200000000000006,0.0,6.0,7.4,123.6,2014,December,FY15,0.0,-0.0428,0.1926,-0.0551,0.0926,63.37799835205078,2.964919511023667,15.119999885559082,2.2200002670288086,57.33000183105469,-39.44227005397715,3.9913167740626365,-0.5422611987285659
2015-01-01,0,1.8,5.11,6.5,8.0,111.3,13.2,3.4,0.15,4.4,-0.4099999999999992,0.0,6.2,4.0,127.9,2015,January,FY15,0.0,-0.0428,0.1926,-0.0551,0.0926,62.01300048828125,0.9441209833999542,20.170000076293945,5.050000190734863,52.9900016784668,-38.28325028910127,5.848215422486902,-0.17393090554747576
2015-02-01,0,3.0,5.11,6.5,7.75,112.3,13.2,3.4,0.15,2.9333333333333336,-0.4099999999999992,-0.25,6.2,1.8,111.3,2015,February,FY15,0.0,-0.0428,0.1926,-0.0551,0.0926,61.75400161743164,-0.1600553286206896,19.56999969482422,-0.6000003814697266,52.9900016784668,-24.461866677339483,2.9848876007917857,-0.23863771892839875
2015-03-01,0,2.4,5.11,6.5,7.75,101.3,13.2,3.4,0.15,2.4,-0.4099999999999992,0.0,6.2,3.0,112.3,2015,March,FY15,0.0,-0.0428,0.1926,-0.0551,0.0926,62.50899887084961,-1.371137466939354,14.489999771118164,-5.079999923706055,52.9900016784668,-7.5702075945809355,2.514877996011311,-0.6398941521591897
2015-04-01,0,0.7,4.87,7.0,7.5,98.7,12.8,3.4,0.15,2.033333333333333,-0.2400000000000002,-0.25,6.5,2.4,101.3,2015,April,FY16,0.0,-0.0428,0.1926,-0.0551,0.0926,63.44200134277344,2.304356898134974,17.229999542236328,2.739999771118164,66.77999877929688,26.023771775862812,-7.122346295262005,-0.35682018011642114
2015-05-01,0,1.8,4.87,7.0,7.5,117.3,12.8,3.4,0.15,1.6333333333333335,-0.2400000000000002,0.0,6.5,0.7,98.7,2015,May,FY16,0.0,-0.0428,0.1926,-0.0551,0.0926,63.82500076293945,3.353627443186169,16.65999984741211,-0.5699996948242188,65.55999755859375,23.721448352463327,-4.646329250613068,-0.3870095535062345
2015-06-01,0,1.0,4.87,7.0,7.5,121.4,12.8,3.4,0.15,1.1666666666666667,-0.2400000000000002,0.0,6.5,1.8,117.3,2015,June,FY16,0.0,-0.0428,0.1926,-0.0551,0.0926,63.7239990234375,1.9437203835214412,16.93000030517578,0.2700004577636719,63.59000015258789,20.003770783854403,-1.4427040395713076,-0.36871010129189236
2015-07-01,0,1.3,3.69,7.2,7.5,105.8,12.5,3.4,0.15,1.3666666666666665,-1.1800000000000002,0.0,7.0,1.0,121.4,2015,July,FY16,0.0,-0.0428,0.1926,-0.0551,0.0926,64.11799621582031,1.06553207455502,14.569999694824219,-2.3600006103515625,52.209999084472656,-21.81790949559168,4.294440009472589,-0.5529698184542066
2015-08-01,0,3.7,3.69,7.2,7.5,115.5,12.5,3.4,0.15,2.0,-1.1800000000000002,0.0,7.0,1.3,105.8,2015,August,FY16,0.0,-0.0428,0.1926,-0.0551,0.0926,66.14299774169922,3.631800941717711,24.600000381469727,10.030000686645508,54.150001525878906,-17.403899416739975,-5.4822119073308695,0.4141062995870901
2015-09-01,0,2.2,3.69,7.2,7.5,108.2,12.5,3.4,0.15,2.4,-1.1800000000000002,0.0,7.0,3.7,115.5,2015,September,FY16,0.0,-0.0428,0.1926,-0.0551,0.0926,65.91999816894531,3.4461100671038025,19.6299991607666,-4.970001220703125,48.369998931884766,-23.934582771161892,-5.014041914993728,-0.026283585618791294
2015-10-01,0,9.0,5.0,7.5,6.75,97.4,12.0,3.4,0.15,4.966666666666667,1.31,-0.75,7.2,2.2,108.2,2015,October,FY16,0.0,-0.0428,0.1926,-0.0551,0.0926,65.44400024414062,2.0680684153899564,17.8799991607666,-1.75,49.560001373291016,-5.075651709731122,-5.47355017454374,-0.20111660155429373
2015-11-01,0,0.8,5.0,7.5,6.75,106.8,12.0,3.4,0.15,4.0,1.31,0.0,7.2,9.0,97.4,2015,November,FY16,0.0,-0.0428,0.1926,-0.0551,0.0926,66.9000015258789,1.1444957289899804,16.43000030517578,-1.4499988555908203,49.560001373291016,-8.476454336560412,-0.45224499856725275,-0.2539593411140305
2015-12-01,0,3.1,5.0,7.5,6.75,118.2,12.0,3.4,0.15,4.3,1.31,0.0,7.2,0.8,106.8,2015,December,FY16,0.0,-0.0428,0.1926,-0.0551,0.0926,66.45500183105469,0.8115953837532386,13.869999885559082,-2.560000419616699,37.279998779296875,-22.92743518188819,-0.03207745372095783,-0.49721730852682117
2016-01-01,0,4.0,5.69,7.3,6.75,102.2,11.8,3.4,0.15,2.6333333333333333,0.6900000000000004,0.0,7.5,3.1,118.2,2016,January,FY16,0.01389,-0.0428,0.1926,-0.0551,0.0926,68.09300231933594,4.047738624340114,17.239999771118164,3.369999885559082,34.7400016784668,-29.90314625538135,-6.226908826922706,-0.12466603702800168
2016-02-01,0,7.2,5.69,7.3,6.75,118.1,11.8,3.4,0.15,4.766666666666667,0.6900000000000004,0.0,7.5,4.0,102.2,2016,February,FY16,0.07167,-0.0428,0.1926,-0.0551,0.0926,68.7300033569336,2.7354286835804986,20.15999984741211,2.9200000762939453,35.970001220703125,-27.421307054103195,-11.94921641173876,0.15923615646136624
2016-03-01,0,5.2,5.69,7.3,6.75,76.4,11.8,3.4,0.15,5.466666666666666,0.6900000000000004,0.0,7.5,7.2,118.1,2016,March,FY16,0.07167,-0.0428,0.1926,-0.0551,0.0926,66.36799621582031,-0.1309241032835473,16.579999923706055,-3.5799999237060547,39.599998474121094,6.223175350833454,-2.616927177344408,-0.26745880117185006
2016-04-01,0,6.0,5.47,7.8,6.75,111.0,11.5,3.4,0.15,6.133333333333333,-0.2200000000000006,0.0,7.3,5.2,76.4,2016,April,FY17,0.07167,-0.0428,0.1926,-0.0551,0.0926,66.41799926757812,-2.459875456662264,16.540000915527344,-0.03999900817871094,48.130001068115234,38.543462126393855,3.784598599755329,-0.26842723847043454
2016-05-01,0,7.3,5.47,7.8,6.5,104.1,11.5,3.4,0.15,6.166666666666667,-0.2200000000000006,-0.25,7.3,6.0,111.0,2016,May,FY17,0.07167,-0.0428,0.1926,-0.0551,0.0926,67.13300323486328,-2.3235851070407487,16.049999237060547,-0.4900016784667969,48.130001068115234,33.80594783080859,16.788921300972692,-0.27519621342221584
2016-06-01,0,8.0,5.47,7.8,6.5,100.8,11.5,3.4,0.15,7.1000000000000005,-0.2200000000000006,0.0,7.3,7.3,104.1,2016,June,FY17,0.07167,-0.0428,0.1926,-0.0551,0.0926,67.41600036621094,1.5790805962901944,16.290000915527344,0.24000167846679688,49.68000030517578,25.454551059243215,7.099014067363818,-0.24039206637316013
2016-07-01,0,4.5,6.07,7.5,6.5,105.5,11.2,3.4,0.15,6.6000000000000005,0.6000000000000005,0.0,7.8,8.0,100.8,2016,July,FY17,0.07167,-0.0428,0.1926,-0.0551,0.0926,66.64800262451172,0.3462967259928673,14.920000076293945,-1.3700008392333984,42.459999084472656,-11.78059808396471,10.047392480525797,-0.3969223007023617
2016-08-01,0,4.0,6.07,7.5,6.5,85.6,11.2,3.4,0.15,5.5,0.6000000000000005,0.0,7.8,4.5,105.5,2016,August,FY17,0.07167,-0.0428,0.1926,-0.0551,0.0926,67.12660217285156,-0.009534895957696854,13.239999771118164,-1.6800003051757812,47.040000915527344,-2.2647000382262306,7.672701194389497,-0.5182375372989739
2016-09-01,0,5.0,6.07,7.5,6.5,104.3,11.2,3.4,0.15,4.5,0.6000000000000005,0.0,7.8,4.0,85.6,2016,September,FY17,0.07167,-0.0428,0.1926,-0.0551,0.0926,66.81629943847656,-0.8895528130959063,17.18000030517578,3.940000534057617,49.060001373291016,-1.2479849598957649,3.9021494449639427,-0.19333804267350582
2016-10-01,0,4.2,4.2,6.8,6.5,111.3,10.8,3.4,0.15,4.4,-1.87,0.0,7.5,5.0,104.3,2016,October,FY17,0.05669,-0.0428,0.1926,-0.0551,0.0926,66.78140258789062,0.20015598086331465,14.649999618530273,-2.530000686645508,48.29999923706055,13.754122182078765,-0.005788041905419039,-0.4136106166772629
2016-11-01,0,5.1,4.2,6.8,6.25,123.9,10.8,3.4,0.15,4.766666666666667,-1.87,-0.25,7.5,4.2,111.3,2016,November,FY17,0.05669,-0.0428,0.1926,-0.0551,0.0926,68.60800170898438,2.2068740084865146,16.850000381469727,2.200000762939453,50.470001220703125,7.2916671735088645,-6.392981981131851,-0.13274304158009376
2016-12-01,0,2.4,4.2,6.8,6.25,105.4,10.8,3.4,0.15,3.9,-1.87,0.0,7.5,5.1,123.9,2016,December,FY17,0.05669,-0.0428,0.1926,-0.0551,0.0926,67.9448013305664,1.6889619772028075,15.470000267028809,-1.380000114440918,56.130001068115234,14.410924372034838,-4.939532659893864,-0.28492551226487844
2017-01-01,0,3.5,3.17,6.5,6.25,104.1,10.4,3.4,0.15,3.6666666666666665,-1.0300000000000002,0.0,6.8,2.4,105.4,2017,January,FY17,0.0209899999999999,-0.0428,0.1926,-0.0551,-0.1454,67.82099914550781,1.5567156683314431,16.829999923706055,1.359999656677246,56.130001068115234,16.2111841712965,-0.8879392835436484,-0.17360761838620223
2017-02-01,0,1.2,3.17,6.5,6.25,108.9,10.4,3.4,0.15,2.3666666666666667,-1.0300000000000002,0.0,6.8,3.5,104.1,2017,February,FY17,0.0934049999999999,-0.0153,0.4019,-0.0551,-0.1454,66.69319915771484,-2.790931820739484,13.789999961853027,-3.0399999618530273,55.59000015258789,10.144638018721718,7.965221100066877,-0.49228221536724
2017-03-01,0,4.4,3.17,6.5,6.25,125.0,10.4,3.4,0.1,3.033333333333333,-1.0300000000000002,0.0,6.8,1.2,108.9,2017,March,FY17,0.0934049999999999,-0.0153,0.4019,-0.0551,-0.1454,64.79000091552734,-4.643181455031808,12.420000076293945,-1.369999885559082,52.83000183105469,-5.87920750804175,12.069073503932536,-0.7052649269511604
2017-04-01,0,3.2,2.99,6.1,6.25,121.1,10.0,3.4,0.1,2.9333333333333336,-0.1799999999999997,0.0,6.5,4.4,125.0,2017,April,FY18,0.0934049999999999,-0.0153,0.4019,-0.0551,-0.1454,64.25830078125,-5.253090354234025,10.859999656677246,-1.5600004196166992,51.72999954223633,-7.838947874843949,8.675668612765186,-0.8664561239752107
2017-05-01,0,2.9,2.99,6.1,6.25,114.6,10.0,3.4,0.08,3.5,-0.1799999999999997,0.0,6.5,3.2,121.1,2017,May,FY18,0.0934049999999999,-0.0153,0.4019,-0.0551,-0.1454,64.61859893798828,-3.1106623252853516,11.760000228881836,0.9000005722045898,50.310001373291016,-9.498108949098594,8.35229541027922,-0.7707982734611165
2017-06-01,0,-0.3,2.99,6.1,6.25,127.1,10.0,3.4,0.08,1.933333333333333,-0.1799999999999997,0.0,6.5,2.9,114.6,2017,June,FY18,0.0934049999999999,-0.0153,0.4019,-0.0551,-0.1454,64.78510284423828,-0.007559918536581556,11.729999542236328,-0.030000686645507812,47.91999816894531,-9.293968373900686,3.7841710382885863,-0.7651095838005036
2017-07-01,0,1.0,2.36,5.7,6.25,125.2,9.8,3.6,0.12,1.2,-0.6300000000000003,0.0,6.1,-0.3,127.1,2017,July,FY18,0.0934049999999999,-0.0153,0.4019,-0.0551,-0.1454,64.12349700927734,-0.2097842151655427,11.899999618530273,0.1700000762939453,52.650001525878906,1.7784689576334056,8.308745341174205,-0.7833263624820224
2017-08-01,0,4.8,2.36,5.7,6.25,136.2,9.8,3.6,0.12,1.8333333333333333,-0.6300000000000003,0.0,6.1,1.0,125.2,2017,August,FY18,0.1039399999999999,0.0148,0.4019,-0.0551,-0.1454,63.976200103759766,-0.9941392180987996,11.949999809265137,0.05000019073486328,52.380001068115234,4.1144894420996,3.0832832597115667,-0.7863323808995738
2017-09-01,0,4.1,2.36,5.7,6.0,121.9,9.8,3.6,0.2,3.2999999999999994,-0.6300000000000003,-0.25,6.1,4.8,136.2,2017,September,FY18,0.1039399999999999,0.0148,0.4019,-0.0551,-0.1454,65.36000061035156,0.8873919170823807,12.489999771118164,0.5399999618530273,57.540000915527344,20.07513170736368,2.81170065610179,-0.6708728694609032
2017-10-01,0,1.8,3.58,6.3,6.0,128.0,9.5,3.8,0.2,3.5666666666666664,1.2200000000000002,0.0,5.7,4.1,121.9,2017,October,FY18,0.1039399999999999,0.0148,0.4019,-0.0551,-0.1454,64.84239959716797,1.1211219309929632,12.4399995803833,-0.05000019073486328,57.540000915527344,9.287747859313678,2.562247127856998,-0.7009316615223724
2017-11-01,0,8.5,3.58,6.3,6.0,129.9,9.5,3.8,0.2,4.8,1.2200000000000002,0.0,5.7,1.8,128.0,2017,November,FY18,0.1039399999999999,0.0148,0.4019,-0.0551,-0.1454,64.41480255126953,0.6855712699385341,13.550000190734863,1.1100006103515625,63.56999969482422,21.36311263559818,3.1120438994754807,-0.626315723907801
2017-12-01,0,7.3,3.58,6.3,6.0,121.6,9.5,3.8,0.2,5.866666666666666,1.2200000000000002,0.0,5.7,8.5,129.9,2017,December,FY18,0.1039399999999999,0.0148,0.4019,-0.0551,-0.1454,63.84080123901367,-2.3243564215898793,12.670000076293945,-0.880000114440918,66.5999984741211,15.74556380681058,7.581274294095719,-0.7308732456502047
2018-01-01,0,7.5,5.07,7.2,6.0,141.7,10.2,4.0,0.2,7.766666666666666,1.4900000000000002,0.0,6.3,7.3,121.6,2018,January,FY18,0.1039399999999999,0.0148,0.4019,-0.0551,-0.1454,63.769901275634766,-1.6540077606567283,15.930000305175781,3.260000228881836,69.05000305175781,20.00347923721437,6.6993740260052,-0.4528057309860397
2018-02-01,0,6.9,5.07,7.2,6.0,143.9,10.2,4.0,0.2,7.233333333333333,1.4900000000000002,0.0,6.3,7.5,141.7,2018,February,FY18,0.088015,-0.0079,0.3753,-0.0551,-0.1454,64.91000366210938,0.7687691201811786,13.8100004196167,-2.119999885559082,65.77999877929688,3.4764811940884544,2.6040043785386713,-0.5792314116634784
2018-03-01,0,5.3,5.07,7.2,6.0,143.8,10.2,4.0,0.05,6.5666666666666655,1.4900000000000002,0.0,6.3,6.9,143.9,2018,March,FY18,0.088015,-0.0079,0.3753,-0.0551,-0.1454,65.0698013305664,1.925101295253917,15.760000228881836,1.9499998092651367,70.2699966430664,5.510507887430927,-3.9598506487310114,-0.4028471212360573
2018-04-01,0,4.5,4.58,8.1,6.0,143.9,10.8,4.2,0.05,5.5666666666666655,-0.4900000000000002,0.0,7.2,5.3,143.8,2018,April,FY19,0.088015,-0.0079,0.3753,-0.0551,-0.1454,66.61000061035156,4.453667447971954,12.359999656677246,-3.40000057220459,70.2699966430664,1.7668262670374135,-2.6147844140709253,-0.6199406180906102
2018-05-01,0,3.8,4.58,8.1,6.0,134.5,10.8,4.2,0.05,4.533333333333332,-0.4900000000000002,0.0,7.2,4.5,143.9,2018,May,FY19,0.088015,-0.0079,0.3753,-0.0551,-0.1454,67.43000030517578,3.8822931765407187,13.220000267028809,0.8600006103515625,77.58999633789062,17.953781966792537,2.3187293281380805,-0.5048773284486309
2018-06-01,0,7.0,4.58,8.1,6.0,146.9,10.8,4.2,0.05,5.099999999999999,-0.4900000000000002,0.0,7.2,3.8,134.5,2018,June,FY19,0.088015,-0.0079,0.3753,-0.0551,-0.1454,68.79669952392578,5.7275389153657486,12.9399995803833,-0.2800006866455078,79.44000244140625,13.049674450560333,5.938475511201791,-0.46109851964784604
2018-07-01,0,6.5,4.17,7.0,6.25,150.0,11.4,4.5,-0.15,5.766666666666666,-0.4100000000000001,0.25,8.1,7.0,146.9,2018,July,FY19,0.088015,-0.0079,0.3753,-0.0551,-0.1454,68.68499755859375,3.115143265619058,12.479999542236328,-0.46000003814697266,79.44000244140625,13.049674450560333,5.746627245343183,-0.5063873896130737
2018-08-01,0,4.8,4.17,7.0,6.5,147.7,11.4,4.5,-0.2,6.099999999999999,-0.4100000000000001,0.25,8.1,6.5,150.0,2018,August,FY19,0.2181799999999999,0.364,0.3753,-0.0551,-0.1454,71.40499877929688,5.894999934941403,12.600000381469727,0.12000083923339844,77.41999816894531,-0.21909804996639304,8.795979704230138,-0.36075856246185395
2018-09-01,0,4.6,4.17,7.0,6.5,156.4,11.4,4.5,-0.2,5.299999999999999,-0.4100000000000001,0.0,8.1,4.8,147.7,2018,September,FY19,0.2181799999999999,0.364,0.3753,-0.0551,-0.1454,72.51000213623047,5.3975010981643035,17.0,4.399999618530273,82.72000122070312,4.128900652685852,2.017400992740881,0.07425684907935275
2018-10-01,0,8.4,3.38,6.6,6.5,164.2,12.0,5.2,-0.2,5.933333333333333,-0.79,0.0,7.0,4.6,156.4,2018,October,FY19,0.2181799999999999,0.364,0.3753,-0.0551,-0.1454,73.6500015258789,7.228658577223679,19.799999237060547,2.799999237060547,75.47000122070312,-4.997483759685606,-8.540486863250118,0.3728072550196776
2018-11-01,0,0.2,3.38,6.6,6.5,181.1,12.0,5.2,-0.2,4.4,-0.79,0.0,7.0,8.4,164.2,2018,November,FY19,0.2181799999999999,0.364,0.3753,-0.0551,-0.1454,69.91999816894531,-2.079687186805357,19.15999984741211,-0.6399993896484375,58.709999084472656,-24.166881331673295,-6.88112666409828,0.13203528097944295
2018-12-01,0,2.5,3.38,6.6,6.5,165.9,12.0,5.2,-0.2,3.6999999999999993,-0.79,0.0,7.0,0.2,181.1,2018,December,FY19,0.2181799999999999,0.364,0.3753,-0.0551,-0.1454,69.92250061035156,-3.568475313264441,16.0,-3.1599998474121094,53.79999923706055,-34.961317162558856,-0.6212039706664507,-0.14079572060178736
2019-01-01,0,1.6,2.05,6.3,6.5,168.6,11.6,5.8,-0.2,1.433333333333333,-1.33,0.0,6.6,2.5,165.9,2019,January,FY19,0.2181799999999999,0.364,0.3753,-0.0551,-0.1454,71.12000274658203,-3.4351645986156476,17.1200008392334,1.1200008392333984,61.88999938964844,-17.993906998015774,4.278114134065847,0.015498826117705235
2019-02-01,0,0.2,2.05,6.3,6.5,167.0,11.6,5.8,-0.2,1.433333333333333,-1.33,0.0,6.6,1.6,168.6,2019,February,FY19,0.07889,-0.0314,0.3723,-0.0551,-0.1454,71.19000244140625,1.8163677141298962,18.280000686645508,1.1599998474121094,66.02999877929688,12.468063036914923,-0.7745879973337644,0.11917867788657727
2019-03-01,0,2.7,2.05,6.3,6.25,150.2,11.6,5.8,0.18,1.4999999999999991,-1.33,-0.25,6.6,0.2,167.0,2019,March,FY19,0.07889,-0.0314,0.3723,-0.0551,-0.1454,69.43000030517578,-0.7043516763227231,17.18000030517578,-1.1000003814697266,68.38999938964844,27.118959776002114,7.008949092311223,-0.06336091178538424
2019-04-01,0,3.2,2.99,5.8,6.25,170.6,11.2,6.2,0.18,2.0333333333333328,0.9400000000000004,0.0,6.3,2.7,150.2,2019,April,FY20,0.07889,-0.0314,0.3723,-0.0551,-0.1454,69.81179809570312,-1.8394327901537944,21.829999923706055,4.649999618530273,72.80000305175781,17.628055856685233,8.468326220440492,0.3572846767865794
2019-05-01,0,4.5,2.99,5.8,6.0,172.9,11.2,6.2,0.22,3.4666666666666663,0.9400000000000004,-0.25,6.3,3.2,170.6,2019,May,FY20,0.07889,-0.0314,0.3723,-0.0551,-0.1454,69.9800033569336,-1.6996755765931626,16.06999969482422,-5.760000228881836,64.48999786376953,-2.3322746387967497,10.473011857192493,-0.1318897023787403
2019-06-01,0,1.3,2.99,5.8,6.0,198.1,11.2,6.2,0.22,3.0,0.9400000000000004,0.0,6.3,4.5,172.9,2019,June,FY20,0.07889,-0.0314,0.3723,-0.0551,-0.1454,69.32499694824219,-0.15123629046818188,14.949999809265137,-1.119999885559082,66.55000305175781,-2.690446489708742,1.4190522389802673,-0.2612063135619871
2019-07-01,0,4.9,3.15,5.0,5.75,118.1,10.5,7.2,0.25,3.5666666666666664,0.1599999999999997,-0.25,5.8,1.3,198.1,2019,July,FY20,0.07889,-0.0314,0.3723,-0.0551,-0.1454,69.07749938964844,-1.0518260896933973,13.59000015258789,-1.359999656677246,65.16999816894531,-10.480775498577765,-5.363826386899662,-0.3909886292856825
2019-08-01,1,-1.4,3.15,5.0,5.75,110.9,10.5,7.2,0.25,1.5999999999999996,0.1599999999999997,0.0,5.8,4.9,118.1,2019,August,FY20,0.05985,-0.0858,0.3723,-0.0551,-0.1454,71.6801986694336,2.4295444854841364,16.280000686645508,2.690000534057617,60.43000030517578,-6.2955461204545315,-7.544786622466293,-0.029200898433042386
2019-09-01,1,-4.6,3.15,5.0,5.4,107.1,10.5,7.2,0.3,-0.3666666666666668,0.1599999999999997,-0.3499999999999996,5.8,-1.4,110.9,2019,September,FY20,0.05985,-0.0858,0.3723,-0.0551,-0.1454,70.49870300292969,1.6930488371514674,15.869999885559082,-0.4100008010864258,60.43000030517578,-9.196096868428894,-2.6669219175760484,-0.12337085369457437
2019-10-01,1,-6.6,4.62,4.2,5.4,92.9,9.8,7.5,0.3,-4.2,1.4700000000000002,0.0,5.0,-4.6,107.1,2019,October,FY20,0.05985,-0.0858,0.3723,-0.0551,-0.1454,70.98999786376953,2.7686272534753753,16.280000686645508,0.4100008010864258,60.22999954223633,-7.580173032846549,6.830816651488569,-0.06352400005491156
2019-11-01,1,2.1,4.62,4.2,5.15,108.5,9.8,7.5,0.28,-3.033333333333333,1.4700000000000002,-0.25,5.0,-6.6,92.9,2019,November,FY20,0.05985,-0.0858,0.3723,-0.0551,-0.1454,71.72200012207031,0.05831659706956316,13.899999618530273,-2.3800010681152344,62.43000030517578,3.3096144132051197,9.369285870206156,-0.23270261724027805
2019-12-01,0,0.4,4.62,4.2,5.15,119.7,9.8,7.5,0.28,-1.366666666666667,1.4700000000000002,0.0,5.0,2.1,108.5,2019,December,FY20,0.05985,-0.0858,0.3723,-0.0551,-0.1454,71.31099700927734,1.1522112772966997,11.670000076293945,-2.229999542236328,62.43000030517578,3.3096144132051197,6.048220073180599,-0.4457650453864844
2020-01-01,0,2.2,7.59,4.3,5.15,185.4,9.2,7.2,0.28,1.5666666666666664,2.97,0.0,4.2,0.4,119.7,2020,January,FY20,0.05985,-0.0858,0.3723,-0.0551,-0.1454,71.63999938964844,0.9156240955609851,17.3700008392334,5.700000762939453,58.15999984741211,-3.436825021678158,0.7126901201059743,0.06295239631475623
2020-02-01,0,5.2,7.59,4.3,5.15,168.4,9.2,7.2,0.28,2.6,2.97,0.0,4.2,2.2,185.4,2020,February,FY20,0.0254999999999999,-0.0858,0.2578,-0.0551,-0.1454,72.1500015258789,0.5967505132039586,23.239999771118164,5.869998931884766,50.52000045776367,-19.077366312978704,-7.0860673149785836,0.5953549571162714
2020-03-01,1,-18.7,7.59,4.3,5.15,65.6,9.2,7.2,0.28,-3.766666666666667,2.97,0.0,4.2,5.2,168.4,2020,March,FY20,-0.1027749999999999,-0.4523,0.2578,-0.0551,-0.1454,75.4000015258789,5.734044801069871,64.41000366210938,41.17000389099121,50.52000045776367,-19.077366312978704,-29.343919217321503,4.313170056781229
2020-04-01,1,-57.3,7.22,-23.9,4.4,80.7,7.5,23.5,-0.72,-23.6,-0.3700000000000001,-0.75,4.3,-18.7,65.6,2020,April,FY21,-0.1137949999999999,-0.4523,0.2578,-0.0551,-0.1454,75.25849914550781,5.050948892640861,33.9900016784668,-30.420001983642578,25.270000457763672,-56.55089318421296,-17.573831412526054,1.6785049069416804
2020-05-01,1,-33.4,7.22,-23.9,4.4,95.1,7.5,23.5,-0.72,-36.46666666666667,-0.3700000000000001,0.0,4.3,-57.3,80.7,2020,May,FY21,-0.081175,-0.3591,0.2578,-0.0551,-0.1454,75.51319885253906,4.66139605756466,30.219999313354492,-3.7700023651123047,35.33000183105469,-30.067297088424027,-14.474972172316825,1.3655244753567801
2020-06-01,1,-16.6,7.22,-23.9,4.0,89.6,7.5,23.5,-0.68,-35.766666666666666,-0.3700000000000001,-0.4000000000000003,4.3,-33.4,95.1,2020,June,FY21,-0.081175,-0.3591,0.2578,-0.0551,-0.1454,75.69999694824219,0.39787190489686264,29.1200008392334,-1.0999984741210938,41.150001525878906,-18.547107773125184,19.82320501730104,1.2797977774734324
2020-07-01,1,-10.5,6.93,-7.4,4.0,87.9,6.8,11.0,-0.68,-20.166666666666668,-0.29,0.0,-23.9,-16.6,89.6,2020,July,FY21,-0.081175,-0.3591,0.2578,-0.0551,-0.1454,74.98999786376953,-0.3567720387555817,24.190000534057617,-4.930000305175781,43.29999923706055,71.34942007394203,12.307931689060148,0.8186450304028846
2020-08-01,1,-7.1,6.93,-7.4,4.0,88.1,6.8,11.0,-0.68,-11.4,-0.29,0.0,-23.9,-10.5,87.9,2020,August,FY21,-0.081175,-0.3591,0.2578,-0.0551,-0.1454,73.12830352783203,-3.158249631781873,22.84000015258789,-1.3500003814697266,45.279998779296875,28.16302415103824,18.863712327961423,0.6094537962929842
2020-09-01,0,1.0,6.93,-7.4,4.0,173.2,6.8,11.0,-0.45,-5.533333333333334,-0.29,0.0,-23.9,-7.1,88.1,2020,September,FY21,-0.081175,-0.3591,0.2578,-0.0551,-0.1454,73.84500122070312,-2.450456806236556,19.530000686645508,-3.309999465942383,40.95000076293945,-0.4860285674927023,9.177257366567604,0.3591824062820781
2020-10-01,0,4.5,7.61,0.5,4.0,165.8,7.2,7.0,-0.45,-0.5333333333333332,0.6800000000000006,0.0,-7.4,1.0,173.2,2020,October,FY21,-0.081175,-0.3591,0.2578,-0.0551,-0.1454,74.26399993896484,-0.9681263441606802,24.75,5.219999313354492,37.459999084472656,-13.487298511519196,5.137966805985572,0.8309135757303903
2020-11-01,0,-1.6,7.61,0.5,4.0,153.8,7.2,7.0,-0.3,1.3,0.6800000000000006,0.0,-7.4,4.5,165.8,2020,November,FY21,-0.081175,-0.3591,0.2578,-0.0551,-0.1454,73.94090270996094,1.111196544877635,19.81999969482422,-4.930000305175781,37.459999084472656,-17.270317812816984,13.887597763446768,0.3890011303140354
2020-12-01,0,2.2,7.61,0.5,4.0,168.3,7.2,7.0,-0.3,1.7,0.6800000000000006,0.0,-7.4,-1.6,153.8,2020,December,FY21,-0.081175,-0.3591,0.2578,-0.0551,-0.1454,73.13400268554688,-0.9628255445907064,21.100000381469727,1.2800006866455078,51.79999923706055,26.49572227588468,24.309296182649497,0.459438971251514
2021-01-01,0,-0.6,4.06,1.6,4.0,155.2,7.8,6.5,-0.3,3.700743415417188e-17,-3.5500000000000007,0.0,0.5,2.2,168.3,2021,January,FY21,-0.081175,-0.3591,0.2578,-0.0551,-0.1454,72.90660095214844,-1.827802148998181,25.34000015258789,4.239999771118164,55.880001068115234,49.17245711113152,17.11158482707922,0.8143744895038799
2021-02-01,0,-3.2,4.06,1.6,4.0,168.7,7.8,6.5,-0.3,-0.5333333333333333,-3.5500000000000007,0.0,0.5,-0.6,155.2,2021,February,FY21,0.0394149999999999,-0.0041,0.2456,-0.0551,-0.1454,73.59590148925781,-0.46659049059276647,28.139999389648438,2.799999237060547,66.12999725341797,76.53496761784268,12.030273629059195,1.0905120231473164
2021-03-01,0,24.2,4.06,1.6,4.0,152.7,7.8,6.5,-0.3,6.8,-3.5500000000000007,0.0,0.5,-3.2,168.7,2021,March,FY21,0.0394149999999999,-0.0041,0.2456,-0.0551,-0.1454,73.44529724121094,0.4256495531941962,20.649999618530273,-7.489999771118164,63.540000915527344,22.66409623818557,5.070539777298988,0.4360490805850667
2021-04-01,0,24.2,4.29,20.1,4.0,175.2,8.2,8.2,-0.3,10.5,0.2300000000000004,0.0,1.6,24.2,152.7,2021,April,FY22,0.138175,-0.0041,0.2456,0.4387,-0.1454,74.10579681396484,1.6448385278631905,23.030000686645508,2.3800010681152344,67.25,20.347170212157373,7.30861212319589,0.6744756346950271
2021-05-01,0,27.6,4.29,20.1,4.0,149.7,8.2,8.2,-0.25,25.9,0.2300000000000004,0.0,1.6,24.2,175.2,2021,May,FY22,0.138175,-0.0041,0.2456,0.4387,-0.1454,72.39350128173828,-1.633786913657187,17.399999618530273,-5.630001068115234,69.62999725341797,5.292605693884411,7.251968530399222,0.10301465121543252
2021-06-01,0,13.8,4.29,20.1,4.0,151.9,8.2,8.2,-0.25,20.700000000000003,0.2300000000000004,0.0,1.6,27.6,149.7,2021,June,FY22,0.138175,-0.0041,0.2456,0.4387,-0.1454,74.28759765625,1.1468405012682537,13.050000190734863,-4.34999942779541,75.12999725341797,18.24047241248681,7.016682601802793,-0.1785391382726942
2021-07-01,0,11.5,5.59,8.4,4.0,160.9,9.0,7.5,-0.25,17.633333333333336,1.2999999999999998,0.0,20.1,13.8,151.9,2021,July,FY22,0.138175,-0.0041,0.2456,0.4387,-0.1454,74.25199890136719,0.19728832788799,12.800000190734863,-0.25,76.33000183105469,13.501861458817377,7.73660371081879,-0.20190401166570726
2021-08-01,0,13.0,5.59,8.4,4.0,137.9,9.0,7.5,-0.25,12.766666666666666,1.2999999999999998,0.0,20.1,11.5,160.9,2021,August,FY22,0.128165,-0.0327,0.2456,0.4387,-0.1454,73.41120147705078,1.4057894386843461,14.520000457763672,1.7200002670288086,76.33000183105469,9.622296196928026,9.943010456929713,-0.09514543964380553
2021-09-01,0,4.4,5.59,8.4,4.0,149.9,9.0,7.5,0.1,9.633333333333333,1.2999999999999998,0.0,20.1,13.0,137.9,2021,September,FY22,0.128165,-0.0327,0.2456,0.4387,-0.1454,74.3219985961914,0.0463077835691994,18.399999618530273,3.8799991607666016,78.5199966430664,4.512178242485176,12.064054896956389,0.2852954994897215
2021-10-01,0,4.2,4.48,5.4,4.0,158.1,9.8,7.0,0.1,7.2,-1.1099999999999994,0.0,8.4,4.4,149.9,2021,October,FY22,0.128165,-0.0327,0.2456,0.4387,-0.1454,74.79720306396484,0.7342619332334488,17.43000030517578,-0.9699993133544922,84.37999725341797,10.546305815871415,12.10806671035154,0.2251401140604962
2021-11-01,0,1.0,4.48,5.4,4.0,126.3,9.8,7.0,0.1,3.2000000000000006,-1.1099999999999994,0.0,8.4,4.2,158.1,2021,November,FY22,0.128165,-0.0327,0.2456,0.4387,-0.1454,75.05490112304688,2.2390311191268664,21.170000076293945,3.739999771118164,70.56999969482422,-7.546183673595863,-0.869707374386175,0.5610100793096782
2021-12-01,0,1.0,4.48,5.4,4.0,141.6,9.8,7.0,0.1,2.066666666666667,-1.1099999999999994,0.0,8.4,1.0,126.3,2021,December,FY22,0.128165,-0.0327,0.2456,0.4387,-0.1454,74.43119812011719,0.14692759342909145,16.219999313354492,-4.950000762939453,77.77999877929688,-0.942432368067192,-1.4990200646461393,0.10242115756362613
2022-01-01,0,1.5,6.01,4.1,4.0,139.6,10.5,6.8,0.1,1.1666666666666667,1.5299999999999994,0.0,5.4,1.0,141.6,2022,January,FY22,0.128165,-0.0327,0.2456,0.4387,-0.1454,75.03900146484375,0.32327198207147134,21.950000762939453,5.730001449584961,91.20999908447266,8.094337583991829,-1.8775879666905526,0.627594543747066
2022-02-01,0,1.7,6.01,4.1,4.0,142.1,10.5,6.8,0.1,1.4,1.5299999999999994,0.0,5.4,1.5,139.6,2022,February,FY22,0.158225,-0.0327,0.3458,0.4387,-0.1454,75.06800079345703,0.017453451026039346,28.56999969482422,6.619998931884766,100.98999786376953,43.106133343481346,-1.114624080461868,1.2008609745965735
2022-03-01,0,2.2,6.01,4.1,4.0,119.2,10.5,6.8,0.1,1.8,1.5299999999999994,0.0,5.4,1.7,142.1,2022,March,FY22,0.158225,-0.0327,0.3458,0.4387,-0.1454,75.82779693603516,1.8763621319975776,20.559999465942383,-8.010000228881836,107.91000366210938,38.73747152954748,0.6378869126602016,0.5467547119061643
2022-04-01,0,6.3,7.79,13.1,4.0,98.0,11.2,7.2,0.1,3.4,1.7800000000000002,0.0,4.1,2.2,119.2,2022,April,FY23,0.067605,-0.0327,0.3458,-0.0144,-0.1454,76.58899688720703,2.0655864178702688,19.420000076293945,-1.1399993896484375,109.33999633789062,19.87720363490757,-1.3685172217220432,0.4861373204321754
2022-05-01,0,19.6,7.79,13.1,4.0,94.7,11.2,7.2,0.1,9.366666666666667,1.7800000000000002,0.0,4.1,6.3,98.0,2022,May,FY23,0.067605,-0.0327,0.3458,-0.0144,-0.1454,77.5208969116211,3.2675655302357054,20.479999542236328,1.0599994659423828,109.33999633789062,8.268144024901192,-1.246581225954313,0.6240408818237052
2022-06-01,0,12.6,7.79,13.1,4.4,120.5,11.2,7.2,-0.3,12.833333333333334,1.7800000000000002,0.4000000000000003,4.1,19.6,94.7,2022,June,FY23,0.067605,-0.0327,0.3458,-0.0144,-0.1454,78.89830017089844,4.049310884573654,21.84000015258789,1.3600006103515625,114.80999755859375,6.3942115302764835,-9.645142358178616,0.8100125336448801
2022-07-01,0,2.4,6.71,6.3,4.9,120.5,12.0,6.9,-0.35,11.533333333333331,-1.08,0.5,13.1,12.6,120.5,2022,July,FY23,0.067605,-0.0327,0.3458,-0.0144,-0.1454,79.57150268554688,3.894170076064829,16.549999237060547,-5.290000915527344,110.01000213623047,0.6127728377357311,0.3256778445649422,0.3865489865811657
2022-08-01,0,0.8,6.71,6.3,4.9,123.4,12.0,6.9,-0.35,5.266666666666667,-1.08,0.0,13.1,2.4,120.5,2022,August,FY23,0.07548,-0.0102,0.3458,-0.0144,-0.1454,79.68229675292969,2.7881512307226464,18.700000762939453,2.1500015258789062,96.48999786376953,-11.752331172950715,7.08339957768489,0.577772179665737
2022-09-01,0,3.5,6.71,6.3,5.4,125.7,12.0,6.9,-0.35,2.2333333333333334,-1.08,0.5,13.1,0.8,123.4,2022,September,FY23,0.07548,-0.0102,0.3458,-0.0144,-0.1454,81.48059844970703,3.2729453907310857,19.969999313354492,1.269998550415039,87.95999908447266,-23.386463761936838,8.327495504665649,0.7769005285598372
2022-10-01,0,4.2,6.77,4.4,5.9,105.6,13.0,7.1,-0.28,2.833333333333333,0.0599999999999996,0.5,6.3,3.5,125.7,2022,October,FY23,0.07548,-0.0102,0.3458,-0.0144,-0.1454,82.23919677734375,3.352574730603175,15.800000190734863,-4.169999122619629,94.83000183105469,-13.798745578040883,4.976901599813499,0.4544275048398056
2022-11-01,0,7.1,6.77,4.4,5.9,105.1,13.0,7.1,-0.28,4.933333333333334,0.0599999999999996,0.0,6.3,4.2,105.6,2022,November,FY23,0.07548,-0.0102,0.3458,-0.0144,-0.1454,81.63089752197266,2.445462603926929,13.8100004196167,-1.989999771118164,85.43000030517578,-11.462325425904696,5.62549641132144,0.25228448117642793
2022-12-01,0,4.7,6.77,4.4,5.9,119.9,13.0,7.1,-0.28,5.333333333333333,0.0599999999999996,0.0,6.3,7.1,105.1,2022,December,FY23,0.07548,-0.0102,0.3458,-0.0144,-0.1454,82.739501953125,1.5450346798753678,14.869999885559082,1.0599994659423828,85.91000366210938,-2.330599640405362,5.913949316448797,0.3989754030864301
2023-01-01,0,5.8,6.52,6.1,6.25,112.5,14.2,7.0,-0.28,5.866666666666667,-0.25,0.3499999999999996,4.4,4.7,119.9,2023,January,FY23,0.07548,-0.0102,0.3458,-0.0144,-0.1454,81.57990264892578,-0.8016787058401809,16.8799991607666,2.0099992752075195,85.91000366210938,-9.406303908795465,-1.9433986037674544,0.5149298517527808
2023-02-01,0,6.0,6.52,6.1,6.25,115.1,14.2,7.0,-0.28,5.5,-0.25,0.0,4.4,5.8,112.5,2023,February,FY23,0.11235,-0.009,0.4673,-0.0144,-0.1454,82.6520004272461,1.250877959535579,14.020000457763672,-2.8599987030029297,83.88999938964844,-1.8026465059418295,-7.753349419919775,0.32120251237147973
2023-03-01,0,1.9,6.52,6.1,6.5,91.3,14.2,7.0,-0.18,4.566666666666666,-0.25,0.25,4.4,6.0,115.1,2023,March,FY23,0.11235,-0.009,0.4673,-0.0144,-0.1454,82.10050201416016,-0.7723033422739944,12.9399995803833,-1.080000877380371,79.7699966430664,-7.1470221828788265,-4.1178591300847,0.20048831288309477
2023-04-01,0,4.6,4.7,7.8,6.5,108.1,15.0,6.8,-0.18,4.166666666666667,-1.82,0.0,6.1,1.9,91.3,2023,April,FY24,0.11609,-0.009,0.4673,0.0043,-0.1454,81.74539947509766,0.20286470171959614,10.949999809265137,-1.989999771118164,79.54000091552734,-7.414739232971912,2.2808638838724304,0.010936547521454454
2023-05-01,0,5.7,4.7,7.8,6.5,90.2,15.0,6.8,-0.18,4.066666666666666,-1.82,0.0,6.1,4.6,108.1,2023,May,FY24,0.11609,-0.009,0.4673,0.0043,-0.1454,82.68389892578125,0.03859374046637498,11.970000267028809,1.0200004577636719,72.66000366210938,-13.38657266568628,7.110811273889572,0.14571324607191083
2023-06-01,0,4.0,4.7,7.8,6.5,106.3,15.0,6.8,-0.18,4.766666666666667,-1.82,0.0,6.1,5.7,90.2,2023,June,FY24,0.11609,-0.009,0.4673,0.0043,-0.1454,82.07540130615234,-0.03057314802226152,10.800000190734863,-1.1700000762939453,74.9000015258789,-6.105046160373384,10.537598647733981,0.014390545619618167
2023-07-01,0,6.2,7.44,7.6,6.5,108.7,15.8,6.5,-0.18,5.3,2.74,0.0,7.8,4.0,106.3,2023,July,FY24,0.11609,-0.009,0.4673,0.0043,-0.1454,82.25279998779297,0.6207083407181679,10.40999984741211,-0.3900003433227539,85.55999755859375,7.568514676608729,9.348468205092718,-0.01047513864711902
2023-08-01,0,10.9,7.44,7.6,6.5,87.8,15.8,6.5,-0.18,7.033333333333334,2.74,0.0,7.8,6.2,108.7,2023,August,FY24,-0.069795,-0.5401,0.4673,0.0043,-0.1454,82.70040130615234,0.019958396478014784,12.0600004196167,1.6500005722045898,86.86000061035156,19.543072161510477,3.8814333102941134,0.154307956538709
2023-09-01,0,6.4,7.44,7.6,6.5,104.6,15.8,6.5,-0.05,7.833333333333333,2.74,0.0,7.8,10.9,87.8,2023,September,FY24,-0.069795,-0.5401,0.4673,0.0043,-0.1454,83.19300079345703,1.3616741063938065,11.449999809265137,-0.6100006103515625,95.30999755859375,27.249660369716988,2.3411788583048043,0.12611369020647228
2023-10-01,0,11.9,4.87,8.4,6.5,98.3,16.2,6.2,-0.05,9.733333333333333,-2.5700000000000003,0.0,7.6,6.4,104.6,2023,October,FY24,-0.069795,-0.5401,0.4673,0.0043,-0.1454,83.29650115966797,1.26889439876805,11.829999923706055,0.38000011444091797,95.30999755859375,11.395512246623118,-3.4130200022819968,0.1640844433962792
2023-11-01,0,2.5,4.87,8.4,6.5,101.7,16.2,6.2,-0.05,6.933333333333334,-2.5700000000000003,0.0,7.6,11.9,98.3,2023,November,FY24,-0.069795,-0.5401,0.4673,0.0043,-0.1454,83.3302993774414,0.7616626537968241,12.6899995803833,0.8599996566772461,82.83000183105469,-4.639648573542143,4.567148166565338,0.24005051694238394
2023-12-01,0,4.4,4.87,8.4,6.5,112.0,16.2,6.2,-0.05,6.266666666666667,-2.5700000000000003,0.0,7.6,2.5,101.7,2023,December,FY24,-0.069795,-0.5401,0.4673,0.0043,-0.1454,82.302001953125,-1.0710021658482005,14.5,1.8100004196166992,77.04000091552734,-19.169024353226483,10.658252120129564,0.3452589337990546
2024-01-01,0,4.2,5.1,7.8,6.5,90.2,16.5,6.0,-0.05,3.7000000000000006,0.2299999999999995,0.0,8.4,4.4,112.0,2024,January,FY24,-0.069795,-0.5401,0.4673,0.0043,-0.1454,83.10970306396484,-0.22425683324328594,16.049999237060547,1.5499992370605469,81.70999908447266,-14.269225498364136,13.868737623166915,0.5193115404317512
2024-02-01,0,5.6,5.1,7.8,6.5,85.0,16.5,6.0,-0.05,4.733333333333333,0.2299999999999995,0.0,8.4,4.2,90.2,2024,February,FY24,-0.0087899999999999,-0.2404,0.321,0.0043,-0.1454,82.91190338134766,-0.5020934752659856,15.569999694824219,-0.4799995422363281,83.62000274658203,0.9537617989417324,9.187088730466586,0.46801358053058595
2024-03-01,0,5.5,5.1,7.8,6.5,83.6,16.5,6.0,0.05,5.1000000000000005,0.2299999999999995,0.0,8.4,5.6,85.0,2024,March,FY24,-0.0087899999999999,-0.2404,0.321,0.0043,-0.1454,83.39299774169922,1.325600547597361,12.829999923706055,-2.739999771118164,87.4800033569336,13.551404877128025,2.7402743923346184,0.25526144653704047
2024-04-01,0,5.2,4.83,6.7,6.5,84.5,16.8,5.8,0.05,5.433333333333334,-0.2699999999999996,0.0,7.8,5.5,83.6,2024,April,FY25,-0.0871899999999999,-0.2404,0.321,-0.3877,-0.1454,83.45110321044922,0.4107825366932438,12.869999885559082,0.039999961853027344,87.86000061035156,7.526620480708823,4.046591926791776,0.2616061113938155
2024-05-01,0,6.3,4.83,6.7,6.5,92.2,16.8,5.8,0.05,5.666666666666667,-0.2699999999999996,0.0,7.8,5.2,84.5,2024,May,FY25,-0.0871899999999999,-0.2404,0.321,-0.3877,-0.1454,83.3208999633789,0.49329054737785594,24.600000381469727,11.730000495910645,81.62000274658203,-2.391772224716593,2.492395955147453,1.2683488312775213
2024-06-01,0,4.9,4.83,6.7,6.5,96.9,16.8,5.8,0.05,5.466666666666666,-0.2699999999999996,0.0,7.8,6.3,92.2,2024,June,FY25,-0.0871899999999999,-0.2404,0.321,-0.3877,-0.1454,83.45089721679688,0.06942966036187492,13.800000190734863,-10.800000190734863,86.41000366210938,-1.223136321175522,7.541123887742973,0.34192772200368854
2024-07-01,0,5.0,3.54,5.4,6.5,96.9,17.0,5.5,0.05,5.4,-1.29,0.0,6.7,4.9,96.9,2024,July,FY25,-0.0871899999999999,-0.2404,0.321,-0.3877,-0.1454,83.73899841308594,0.34498669467639687,13.25,-0.5500001907348633,80.72000122070312,-8.126564238615785,10.379634555396056,0.3087466636584015
2024-08-01,0,0.0,3.54,5.4,6.5,103.3,17.0,5.5,0.05,3.2999999999999994,-1.29,0.0,6.7,5.0,96.9,2024,August,FY25,-0.005535,-0.0071,0.321,-0.3877,-0.1454,83.89510345458984,0.6891470104899433,13.390000343322754,0.1400003433227539,78.80000305175781,-3.45503504034409,12.006734214549963,0.3286026282182001
2024-09-01,0,3.2,3.54,5.4,6.5,96.1,17.0,5.5,0.05,2.733333333333333,-1.29,0.0,6.7,0.0,103.3,2024,September,FY25,-0.005535,-0.0071,0.321,-0.3877,-0.1454,83.71640014648438,0.3181546736372942,12.789999961853027,-0.6000003814697266,78.80000305175781,-8.806851392009063,7.497730291154769,0.26788884518038225
2024-10-01,0,3.7,6.21,6.4,6.5,111.7,16.5,5.2,0.05,2.3000000000000003,2.67,0.0,5.4,3.2,96.1,2024,October,FY25,-0.005535,-0.0071,0.321,-0.3877,-0.1454,84.08910369873047,0.41809108334143197,15.550000190734863,2.760000228881836,73.16000366210938,-9.365705456226825,-2.9890436696266454,0.5248272321312915
2024-11-01,0,5.0,6.21,6.4,6.5,95.8,16.5,5.2,0.1,3.966666666666667,2.67,0.0,5.4,3.7,111.7,2024,November,FY25,-0.005535,-0.0071,0.321,-0.3877,-0.1454,84.56189727783203,0.7947946850117571,14.430000305175781,-1.119999885559082,72.94000244140625,-7.436548709906221,-4.377893255833376,0.4515951593497598
2024-12-01,0,3.7,6.21,6.4,6.5,127.0,16.5,5.2,0.1,4.133333333333333,2.67,0.0,5.4,5.0,95.8,2024,December,FY25,-0.005535,-0.0071,0.321,-0.3877,-0.1454,85.7865982055664,2.4728703760071635,14.449999809265137,0.01999950408935547,72.94000244140625,-7.436548709906221,-8.392009022974001,0.5142260228022244
2025-01-01,0,5.2,4.26,6.5,6.5,107.6,15.2,5.0,0.1,4.633333333333334,-1.95,0.0,6.4,3.7,127.0,2025,January,FY25,-0.005535,-0.0071,0.321,-0.3877,-0.1454,86.64700317382812,3.04189171079996,16.25,1.8000001907348633,76.76000213623047,4.920719373864091,-2.879318952204124,0.7124942074698284
2025-02-01,0,2.7,3.61,6.5,6.5,94.5,15.2,5.0,0.1,3.866666666666667,-1.95,0.0,6.4,5.2,107.6,2025,February,FY25,0.022305,-0.0071,0.4138,-0.3877,-0.1454,87.3270034790039,3.2699197749631814,13.90999984741211,-2.3400001525878906,73.18000030517578,0.32903462535844863,-8.31458335137578,0.5441847886642242
2025-03-01,0,3.9,3.34,6.5,6.25,94.2,15.2,5.0,-0.37,3.9333333333333336,-1.95,-0.25,6.4,2.7,94.5,2025,March,FY25,0.022305,-0.0071,0.4138,-0.3877,-0.1454,85.53880310058594,-0.28885060156679243,12.720000267028809,-1.1899995803833008,74.73999786376953,2.467775379921666,-0.5305655693004674,0.35246894559785685
2025-04-01,0,2.6,3.16,7.4,6.25,111.6,14.5,4.9,-0.37,3.0666666666666664,-1.0999999999999996,0.0,6.5,3.9,94.2,2025,April,FY26,0.087325,-0.0071,0.4138,-0.0626,-0.1454,85.1707992553711,-1.703698759777672,18.219999313354492,5.499999046325684,63.119998931884766,-17.769675383981863,3.512781875428339,0.8092490476635466
2025-05-01,0,1.9,2.82,7.4,6.0,106.6,14.5,4.9,-0.2,2.8000000000000003,-0.79,-0.25,6.5,2.6,111.6,2025,May,FY26,0.087325,-0.0071,0.4138,-0.0626,-0.1454,85.5156021118164,-2.0742740447094565,16.079999923706055,-2.1399993896484375,63.900001525878906,-12.681058678050494,11.869087909563735,0.6415462714357596
2025-06-01,0,1.5,2.1,7.4,6.0,118.1,14.5,4.9,-0.2,2.0,-1.2399999999999998,0.0,6.5,1.9,106.6,2025,June,FY26,0.087325,-0.0071,0.4138,-0.0626,-0.1454,85.4552993774414,-0.09762086926367042,12.789999961853027,-3.2899999618530273,63.900001525878906,-14.503608038160454,8.493862309350163,0.3543628314819546
2025-07-01,0,4.3,2.24,7.0,5.5,117.9,14.0,4.8,0.23,2.5666666666666664,-0.92,-0.5,7.4,1.5,118.1,2025,July,FY26,0.087325,-0.0071,0.4138,-0.0626,-0.1454,87.714599609375,2.9867048052193645,11.539999961853027,-1.25,72.52999877929688,14.908111544119018,1.7841162009164302,0.3587430316163957
2025-08-01,0,4.1,2.12,7.0,5.5,114.7,14.0,4.8,0.23,3.2999999999999994,-0.6999999999999997,0.0,7.4,4.3,117.9,2025,August,FY26,0.087325,-0.0071,0.4138,-0.0626,-0.1454,88.16699981689453,3.100484168504458,11.75,0.21000003814697266,68.12000274658203,6.604070610223789,-1.3084463049418238,0.399379959214563
2025-09-01,0,4.6,2.08,7.0,5.5,109.3,14.0,4.8,-0.31,4.333333333333333,-0.02,0.0,7.4,4.1,114.7,2025,September,FY26,0.087325,-0.0071,0.4138,-0.0626,-0.1454,88.70449829101562,3.8022205027017364,11.069999694824219,-0.6800003051757812,67.0199966430664,4.882621350054173,-3.55037570619523,0.36737202615010145
2025-10-01,0,0.4,0.41,6.9,5.5,105.0,13.5,4.7,0.45,3.033333333333333,-1.8300000000000003,0.0,7.0,4.6,109.3,2025,October,FY26,0.087325,-0.0071,0.4138,-0.0626,-0.1454,88.6344985961914,1.0487410202099312,12.149999618530273,1.0799999237060547,65.06999969482422,-10.285398056013829,3.850680465358902,0.4571795686235143
2025-11-01,0,0.4,1.2,6.9,5.5,118.1,13.5,4.7,0.45,2.5,-0.9200000000000002,0.0,7.0,0.4,105.0,2025,November,FY26,0.087325,-0.0071,0.4138,-0.0626,-0.1454,89.34369659423828,1.3346226817148255,11.619999885559082,-0.5299997329711914,63.20000076293945,-7.222551064693617,7.271095690920926,0.4466669033933927
2025-12-01,0,0.4,0.6,6.9,5.5,133.6,13.5,4.7,0.45,0.4,-1.48,0.0,7.0,0.4,118.1,2025,December,FY26,0.087325,-0.0071,0.4138,-0.0626,-0.1454,89.76940155029297,1.2005064904190954,9.479999542236328,-2.140000343322754,60.849998474121094,-9.206204831380926,6.169980310110024,0.28298723769664424
2026-01-01,0,0.4,1.4,6.5,5.25,129.6,13.1,4.8,-0.89,0.4,0.99,-0.25,6.9,0.4,133.6,2026,January,FY26,0.087325,-0.0071,0.4138,-0.0626,-0.1454,91.68229675292969,3.438613863687201,13.630000114440918,4.15000057220459,70.69000244140625,8.636856881726796,-1.5607171453596358,0.7365839315431997
2026-02-01,0,0.4,2.1,6.5,5.25,117.5,13.1,4.8,-0.89,0.4,0.9000000000000001,0.0,6.9,0.4,129.6,2026,February,FY26,0.087325,-0.0071,0.4138,-0.0626,-0.1454,91.00740051269531,1.8621391120773545,13.699999809265137,0.06999969482421875,70.69000244140625,11.851268335520238,-3.9090974820194857,0.7090683683279763
