date,recession_label,iip_growth_pct,cpi_yoy_pct,gdp_growth_pct,repo_rate_pct,yield_spread_bps,credit_growth_yoy_pct,unemployment_rate_pct,sentiment_score,iip_3m_rolling_avg,cpi_momentum_3m,repo_rate_change,gdp_lag1q,iip_lag1m,yield_spread_lag1,year,month,fiscal_year,finbert_composite,sent_mpc,sent_budget,sent_rbi_governor,sent_econ_survey,ft_composite,ft_mpc,ft_budget,ft_rbi_governor,ft_econ_survey
2012-01-01,0,-0.7,10.36,5.1,8.5,182.1,17.2,3.4,0.15,-0.7,-0.5,0.0,5.1,-0.7,182.1,2012,January,FY12,0.0,-0.0428,0.1926,-0.0551,0.0926,0.0,-0.0428,0.1926,-0.0551,0.0926
2012-02-01,0,-0.7,10.36,5.1,8.5,188.5,17.2,3.4,0.15,-0.7,-0.5,0.0,5.1,-0.7,182.1,2012,February,FY12,0.0,-0.0428,0.1926,-0.0551,0.0926,0.0,-0.0428,0.1926,-0.0551,0.0926
2012-03-01,0,-0.7,10.36,5.1,8.5,175.5,17.2,3.4,0.15,-0.7,-0.5,0.0,5.1,-0.7,188.5,2012,March,FY12,0.0,-0.0428,0.1926,-0.0551,0.0926,0.0,-0.0428,0.1926,-0.0551,0.0926
2012-04-01,0,-0.7,10.36,5.1,8.5,190.3,17.0,3.4,0.15,-0.7,-0.5,0.0,5.1,-0.7,175.5,2012,April,FY13,0.0,-0.0428,0.1926,-0.0551,0.0926,0.0,-0.0428,0.1926,-0.0551,0.0926
2012-05-01,0,5.0,10.36,5.1,8.0,179.8,17.0,3.4,0.15,2.15,-0.5,-0.5,5.1,-0.7,190.3,2012,May,FY13,0.0,-0.0428,0.1926,-0.0551,0.0926,0.0,-0.0428,0.1926,-0.0551,0.0926
2012-06-01,0,2.3,10.36,5.1,8.0,182.1,17.0,3.4,0.15,2.2,-0.5,0.0,5.1,5.0,179.8,2012,June,FY13,0.0,-0.0428,0.1926,-0.0551,0.0926,0.0,-0.0428,0.1926,-0.0551,0.0926
2012-07-01,0,1.5,9.86,5.4,8.0,178.0,16.5,3.4,0.15,2.9333333333333336,-0.5,0.0,5.1,2.3,182.1,2012,July,FY13,0.0,-0.0428,0.1926,-0.0551,0.0926,0.0,-0.0428,0.1926,-0.0551,0.0926
2012-08-01,0,-0.1,9.86,5.4,8.0,201.4,16.5,3.4,0.15,1.2333333333333332,-0.5,0.0,5.1,1.5,178.0,2012,August,FY13,0.0,-0.0428,0.1926,-0.0551,0.0926,0.0,-0.0428,0.1926,-0.0551,0.0926
2012-09-01,0,-1.0,9.86,5.4,8.0,181.4,16.5,3.4,0.15,0.1333333333333333,-0.5,0.0,5.1,-0.1,201.4,2012,September,FY13,0.0,-0.0428,0.1926,-0.0551,0.0926,0.0,-0.0428,0.1926,-0.0551,0.0926
2012-10-01,0,3.7,9.75,4.6,8.0,169.5,16.0,3.4,0.15,0.8666666666666667,-0.1099999999999994,0.0,5.4,-1.0,181.4,2012,October,FY13,0.0,-0.0428,0.1926,-0.0551,0.0926,0.0,-0.0428,0.1926,-0.0551,0.0926
2012-11-01,0,-1.7,9.75,4.6,7.5,186.7,16.0,3.4,0.15,0.3333333333333334,-0.1099999999999994,-0.5,5.4,3.7,169.5,2012,November,FY13,0.0,-0.0428,0.1926,-0.0551,0.0926,0.0,-0.0428,0.1926,-0.0551,0.0926
2012-12-01,0,7.1,9.75,4.6,7.5,164.5,16.0,3.4,0.15,3.033333333333333,-0.1099999999999994,0.0,5.4,-1.7,186.7,2012,December,FY13,0.0,-0.0428,0.1926,-0.0551,0.0926,0.0,-0.0428,0.1926,-0.0551,0.0926
2013-01-01,0,7.2,10.79,4.8,7.5,177.0,15.8,3.4,0.15,4.2,1.0399999999999991,0.0,4.6,7.1,164.5,2013,January,FY13,0.0,-0.0428,0.1926,-0.0551,0.0926,0.0,-0.0428,0.1926,-0.0551,0.0926
2013-02-01,0,1.4,10.79,4.8,7.75,153.3,15.8,3.4,0.15,5.233333333333333,1.0399999999999991,0.25,4.6,7.2,177.0,2013,February,FY13,0.0,-0.0428,0.1926,-0.0551,0.0926,0.0,-0.0428,0.1926,-0.0551,0.0926
2013-03-01,0,15.2,10.79,4.8,7.75,157.5,15.8,3.4,0.15,7.933333333333334,1.0399999999999991,0.0,4.6,1.4,153.3,2013,March,FY13,0.0,-0.0428,0.1926,-0.0551,0.0926,0.0,-0.0428,0.1926,-0.0551,0.0926
2013-04-01,0,3.3,9.39,4.6,7.5,170.6,15.3,3.4,0.15,6.633333333333334,-1.3999999999999986,-0.25,4.8,15.2,157.5,2013,April,FY14,0.0,-0.0428,0.1926,-0.0551,0.0926,0.0,-0.0428,0.1926,-0.0551,0.0926
2013-05-01,0,1.0,9.39,4.6,7.5,173.7,15.3,3.4,0.15,6.5,-1.3999999999999986,0.0,4.8,3.3,170.6,2013,May,FY14,0.0,-0.0428,0.1926,-0.0551,0.0926,0.0,-0.0428,0.1926,-0.0551,0.0926
2013-06-01,0,-1.0,9.39,4.6,7.5,165.7,15.3,3.4,0.15,1.1,-1.3999999999999986,0.0,4.8,1.0,173.7,2013,June,FY14,0.0,-0.0428,0.1926,-0.0551,0.0926,0.0,-0.0428,0.1926,-0.0551,0.0926
2013-07-01,0,3.2,9.64,5.2,7.5,160.3,15.0,3.4,0.15,1.0666666666666669,0.25,0.0,4.6,-1.0,165.7,2013,July,FY14,0.0,-0.0428,0.1926,-0.0551,0.0926,0.0,-0.0428,0.1926,-0.0551,0.0926
2013-08-01,0,4.4,9.64,5.2,7.5,155.9,15.0,3.4,0.15,2.2,0.25,0.0,4.6,3.2,160.3,2013,August,FY14,0.0,-0.0428,0.1926,-0.0551,0.0926,0.0,-0.0428,0.1926,-0.0551,0.0926
2013-09-01,0,6.8,9.64,5.2,7.5,141.6,15.0,3.4,0.15,4.8,0.25,0.0,4.6,4.4,155.9,2013,September,FY14,0.0,-0.0428,0.1926,-0.0551,0.0926,0.0,-0.0428,0.1926,-0.0551,0.0926
2013-10-01,0,1.9,10.09,4.8,7.5,146.5,14.8,3.4,0.15,4.366666666666666,0.4499999999999993,0.0,5.2,6.8,141.6,2013,October,FY14,0.0,-0.0428,0.1926,-0.0551,0.0926,0.0,-0.0428,0.1926,-0.0551,0.0926
2013-11-01,0,3.7,10.09,4.8,7.75,146.5,14.8,3.4,0.15,4.133333333333333,0.4499999999999993,0.25,5.2,1.9,146.5,2013,November,FY14,0.0,-0.0428,0.1926,-0.0551,0.0926,0.0,-0.0428,0.1926,-0.0551,0.0926
2013-12-01,0,3.5,10.09,4.8,7.75,159.0,14.8,3.4,0.15,3.033333333333333,0.4499999999999993,0.0,5.2,3.7,146.5,2013,December,FY14,0.0,-0.0428,0.1926,-0.0551,0.0926,0.0,-0.0428,0.1926,-0.0551,0.0926
2014-01-01,0,4.8,8.79,4.6,7.75,149.1,14.5,3.4,0.15,4.0,-1.3000000000000007,0.0,4.8,3.5,159.0,2014,January,FY14,0.0,-0.0428,0.1926,-0.0551,0.0926,0.0,-0.0428,0.1926,-0.0551,0.0926
2014-02-01,0,5.2,8.79,4.6,8.0,125.3,14.5,3.4,0.15,4.5,-1.3000000000000007,0.25,4.8,4.8,149.1,2014,February,FY14,0.0,-0.0428,0.1926,-0.0551,0.0926,0.0,-0.0428,0.1926,-0.0551,0.0926
2014-03-01,0,2.9,8.79,4.6,8.0,143.5,14.5,3.4,0.15,4.3,-1.3000000000000007,0.0,4.8,5.2,125.3,2014,March,FY14,0.0,-0.0428,0.1926,-0.0551,0.0926,0.0,-0.0428,0.1926,-0.0551,0.0926
2014-04-01,0,3.9,8.33,5.7,8.0,133.7,14.2,3.4,0.15,4.0,-0.4599999999999991,0.0,4.6,2.9,143.5,2014,April,FY15,0.0,-0.0428,0.1926,-0.0551,0.0926,0.0,-0.0428,0.1926,-0.0551,0.0926
2014-05-01,0,4.7,8.33,5.7,8.0,128.2,14.2,3.4,0.15,3.8333333333333335,-0.4599999999999991,0.0,4.6,3.9,133.7,2014,May,FY15,0.0,-0.0428,0.1926,-0.0551,0.0926,0.0,-0.0428,0.1926,-0.0551,0.0926
2014-06-01,0,8.3,8.33,5.7,8.0,138.4,14.2,3.4,0.15,5.633333333333333,-0.4599999999999991,0.0,4.6,4.7,128.2,2014,June,FY15,0.0,-0.0428,0.1926,-0.0551,0.0926,0.0,-0.0428,0.1926,-0.0551,0.0926
2014-07-01,0,5.4,7.24,6.0,8.0,140.1,13.9,3.4,0.15,6.133333333333334,-1.09,0.0,5.7,8.3,138.4,2014,July,FY15,0.0,-0.0428,0.1926,-0.0551,0.0926,0.0,-0.0428,0.1926,-0.0551,0.0926
2014-08-01,0,3.5,7.24,6.0,8.0,136.6,13.9,3.4,0.15,5.733333333333334,-1.09,0.0,5.7,5.4,140.1,2014,August,FY15,0.0,-0.0428,0.1926,-0.0551,0.0926,0.0,-0.0428,0.1926,-0.0551,0.0926
2014-09-01,0,4.3,7.24,6.0,8.0,116.5,13.9,3.4,0.15,4.4,-1.09,0.0,5.7,3.5,136.6,2014,September,FY15,0.0,-0.0428,0.1926,-0.0551,0.0926,0.0,-0.0428,0.1926,-0.0551,0.0926
2014-10-01,0,0.3,5.52,6.2,8.0,119.4,13.6,3.4,0.15,2.7,-1.7200000000000006,0.0,6.0,4.3,116.5,2014,October,FY15,0.0,-0.0428,0.1926,-0.0551,0.0926,0.0,-0.0428,0.1926,-0.0551,0.0926
2014-11-01,0,7.4,5.52,6.2,8.0,123.6,13.6,3.4,0.15,4.0,-1.7200000000000006,0.0,6.0,0.3,119.4,2014,November,FY15,0.0,-0.0428,0.1926,-0.0551,0.0926,0.0,-0.0428,0.1926,-0.0551,0.0926
2014-12-01,0,4.0,5.52,6.2,8.0,127.9,13.6,3.4,0.15,3.9,-1.7200000000000006,0.0,6.0,7.4,123.6,2014,December,FY15,0.0,-0.0428,0.1926,-0.0551,0.0926,0.0,-0.0428,0.1926,-0.0551,0.0926
2015-01-01,0,1.8,5.11,6.5,8.0,111.3,13.2,3.4,0.15,4.4,-0.4099999999999992,0.0,6.2,4.0,127.9,2015,January,FY15,0.0,-0.0428,0.1926,-0.0551,0.0926,0.0,-0.0428,0.1926,-0.0551,0.0926
2015-02-01,0,3.0,5.11,6.5,7.75,112.3,13.2,3.4,0.15,2.9333333333333336,-0.4099999999999992,-0.25,6.2,1.8,111.3,2015,February,FY15,0.0,-0.0428,0.1926,-0.0551,0.0926,0.0,-0.0428,0.1926,-0.0551,0.0926
2015-03-01,0,2.4,5.11,6.5,7.75,101.3,13.2,3.4,0.15,2.4,-0.4099999999999992,0.0,6.2,3.0,112.3,2015,March,FY15,0.0,-0.0428,0.1926,-0.0551,0.0926,0.0,-0.0428,0.1926,-0.0551,0.0926
2015-04-01,0,0.7,4.87,7.0,7.5,98.7,12.8,3.4,0.15,2.033333333333333,-0.2400000000000002,-0.25,6.5,2.4,101.3,2015,April,FY16,0.0,-0.0428,0.1926,-0.0551,0.0926,0.0,-0.0428,0.1926,-0.0551,0.0926
2015-05-01,0,1.8,4.87,7.0,7.5,117.3,12.8,3.4,0.15,1.6333333333333335,-0.2400000000000002,0.0,6.5,0.7,98.7,2015,May,FY16,0.0,-0.0428,0.1926,-0.0551,0.0926,0.0,-0.0428,0.1926,-0.0551,0.0926
2015-06-01,0,1.0,4.87,7.0,7.5,121.4,12.8,3.4,0.15,1.1666666666666667,-0.2400000000000002,0.0,6.5,1.8,117.3,2015,June,FY16,0.0,-0.0428,0.1926,-0.0551,0.0926,0.0,-0.0428,0.1926,-0.0551,0.0926
2015-07-01,0,1.3,3.69,7.2,7.5,105.8,12.5,3.4,0.15,1.3666666666666665,-1.1800000000000002,0.0,7.0,1.0,121.4,2015,July,FY16,0.0,-0.0428,0.1926,-0.0551,0.0926,0.0,-0.0428,0.1926,-0.0551,0.0926
2015-08-01,0,3.7,3.69,7.2,7.5,115.5,12.5,3.4,0.15,2.0,-1.1800000000000002,0.0,7.0,1.3,105.8,2015,August,FY16,0.0,-0.0428,0.1926,-0.0551,0.0926,0.0,-0.0428,0.1926,-0.0551,0.0926
2015-09-01,0,2.2,3.69,7.2,7.5,108.2,12.5,3.4,0.15,2.4,-1.1800000000000002,0.0,7.0,3.7,115.5,2015,September,FY16,0.0,-0.0428,0.1926,-0.0551,0.0926,0.0,-0.0428,0.1926,-0.0551,0.0926
2015-10-01,0,9.0,5.0,7.5,6.75,97.4,12.0,3.4,0.15,4.966666666666667,1.31,-0.75,7.2,2.2,108.2,2015,October,FY16,0.0,-0.0428,0.1926,-0.0551,0.0926,0.0,-0.0428,0.1926,-0.0551,0.0926
2015-11-01,0,0.8,5.0,7.5,6.75,106.8,12.0,3.4,0.15,4.0,1.31,0.0,7.2,9.0,97.4,2015,November,FY16,0.0,-0.0428,0.1926,-0.0551,0.0926,0.0,-0.0428,0.1926,-0.0551,0.0926
2015-12-01,0,3.1,5.0,7.5,6.75,118.2,12.0,3.4,0.15,4.3,1.31,0.0,7.2,0.8,106.8,2015,December,FY16,0.0,-0.0428,0.1926,-0.0551,0.0926,0.0,-0.0428,0.1926,-0.0551,0.0926
2016-01-01,0,4.0,5.69,7.3,6.75,102.2,11.8,3.4,0.15,2.6333333333333333,0.6900000000000004,0.0,7.5,3.1,118.2,2016,January,FY16,0.01389,-0.0428,0.1926,-0.0551,0.0926,0.01389,-0.0428,0.1926,-0.0551,0.0926
2016-02-01,0,7.2,5.69,7.3,6.75,118.1,11.8,3.4,0.15,4.766666666666667,0.6900000000000004,0.0,7.5,4.0,102.2,2016,February,FY16,0.07167,-0.0428,0.1926,-0.0551,0.0926,0.07167,-0.0428,0.1926,-0.0551,0.0926
2016-03-01,0,5.2,5.69,7.3,6.75,76.4,11.8,3.4,0.15,5.466666666666666,0.6900000000000004,0.0,7.5,7.2,118.1,2016,March,FY16,0.07167,-0.0428,0.1926,-0.0551,0.0926,0.07167,-0.0428,0.1926,-0.0551,0.0926
2016-04-01,0,6.0,5.47,7.8,6.75,111.0,11.5,3.4,0.15,6.133333333333333,-0.2200000000000006,0.0,7.3,5.2,76.4,2016,April,FY17,0.07167,-0.0428,0.1926,-0.0551,0.0926,0.07167,-0.0428,0.1926,-0.0551,0.0926
2016-05-01,0,7.3,5.47,7.8,6.5,104.1,11.5,3.4,0.15,6.166666666666667,-0.2200000000000006,-0.25,7.3,6.0,111.0,2016,May,FY17,0.07167,-0.0428,0.1926,-0.0551,0.0926,0.07167,-0.0428,0.1926,-0.0551,0.0926
2016-06-01,0,8.0,5.47,7.8,6.5,100.8,11.5,3.4,0.15,7.1000000000000005,-0.2200000000000006,0.0,7.3,7.3,104.1,2016,June,FY17,0.07167,-0.0428,0.1926,-0.0551,0.0926,0.07167,-0.0428,0.1926,-0.0551,0.0926
2016-07-01,0,4.5,6.07,7.5,6.5,105.5,11.2,3.4,0.15,6.6000000000000005,0.6000000000000005,0.0,7.8,8.0,100.8,2016,July,FY17,0.07167,-0.0428,0.1926,-0.0551,0.0926,0.07167,-0.0428,0.1926,-0.0551,0.0926
2016-08-01,0,4.0,6.07,7.5,6.5,85.6,11.2,3.4,0.15,5.5,0.6000000000000005,0.0,7.8,4.5,105.5,2016,August,FY17,0.07167,-0.0428,0.1926,-0.0551,0.0926,0.07167,-0.0428,0.1926,-0.0551,0.0926
2016-09-01,0,5.0,6.07,7.5,6.5,104.3,11.2,3.4,0.15,4.5,0.6000000000000005,0.0,7.8,4.0,85.6,2016,September,FY17,0.07167,-0.0428,0.1926,-0.0551,0.0926,0.07167,-0.0428,0.1926,-0.0551,0.0926
2016-10-01,0,4.2,4.2,6.8,6.5,111.3,10.8,3.4,0.15,4.4,-1.87,0.0,7.5,5.0,104.3,2016,October,FY17,0.05669,-0.0428,0.1926,-0.0551,0.0926,0.05669,-0.0428,0.1926,-0.0551,0.0926
2016-11-01,0,5.1,4.2,6.8,6.25,123.9,10.8,3.4,0.15,4.766666666666667,-1.87,-0.25,7.5,4.2,111.3,2016,November,FY17,0.05669,-0.0428,0.1926,-0.0551,0.0926,0.05669,-0.0428,0.1926,-0.0551,0.0926
2016-12-01,0,2.4,4.2,6.8,6.25,105.4,10.8,3.4,0.15,3.9,-1.87,0.0,7.5,5.1,123.9,2016,December,FY17,0.05669,-0.0428,0.1926,-0.0551,0.0926,0.05669,-0.0428,0.1926,-0.0551,0.0926
2017-01-01,0,3.5,3.17,6.5,6.25,104.1,10.4,3.4,0.15,3.6666666666666665,-1.0300000000000002,0.0,6.8,2.4,105.4,2017,January,FY17,0.0209899999999999,-0.0428,0.1926,-0.0551,-0.1454,0.020989999999999998,-0.0428,0.1926,-0.0551,-0.1454
2017-02-01,0,1.2,3.17,6.5,6.25,108.9,10.4,3.4,0.15,2.3666666666666667,-1.0300000000000002,0.0,6.8,3.5,104.1,2017,February,FY17,0.0934049999999999,-0.0153,0.4019,-0.0551,-0.1454,0.09340499999999999,-0.0153,0.4019,-0.0551,-0.1454
2017-03-01,0,4.4,3.17,6.5,6.25,125.0,10.4,3.4,0.1,3.033333333333333,-1.0300000000000002,0.0,6.8,1.2,108.9,2017,March,FY17,0.0934049999999999,-0.0153,0.4019,-0.0551,-0.1454,0.09340499999999999,-0.0153,0.4019,-0.0551,-0.1454
2017-04-01,0,3.2,2.99,6.1,6.25,121.1,10.0,3.4,0.1,2.9333333333333336,-0.1799999999999997,0.0,6.5,4.4,125.0,2017,April,FY18,0.0934049999999999,-0.0153,0.4019,-0.0551,-0.1454,0.09340499999999999,-0.0153,0.4019,-0.0551,-0.1454
2017-05-01,0,2.9,2.99,6.1,6.25,114.6,10.0,3.4,0.08,3.5,-0.1799999999999997,0.0,6.5,3.2,121.1,2017,May,FY18,0.0934049999999999,-0.0153,0.4019,-0.0551,-0.1454,0.09340499999999999,-0.0153,0.4019,-0.0551,-0.1454
2017-06-01,0,-0.3,2.99,6.1,6.25,127.1,10.0,3.4,0.08,1.933333333333333,-0.1799999999999997,0.0,6.5,2.9,114.6,2017,June,FY18,0.0934049999999999,-0.0153,0.4019,-0.0551,-0.1454,0.09340499999999999,-0.0153,0.4019,-0.0551,-0.1454
2017-07-01,0,1.0,2.36,5.7,6.25,125.2,9.8,3.6,0.12,1.2,-0.6300000000000003,0.0,6.1,-0.3,127.1,2017,July,FY18,0.0934049999999999,-0.0153,0.4019,-0.0551,-0.1454,0.09340499999999999,-0.0153,0.4019,-0.0551,-0.1454
2017-08-01,0,4.8,2.36,5.7,6.25,136.2,9.8,3.6,0.12,1.8333333333333333,-0.6300000000000003,0.0,6.1,1.0,125.2,2017,August,FY18,0.1039399999999999,0.0148,0.4019,-0.0551,-0.1454,0.10393999999999998,0.0148,0.4019,-0.0551,-0.1454
2017-09-01,0,4.1,2.36,5.7,6.0,121.9,9.8,3.6,0.2,3.2999999999999994,-0.6300000000000003,-0.25,6.1,4.8,136.2,2017,September,FY18,0.1039399999999999,0.0148,0.4019,-0.0551,-0.1454,0.10393999999999998,0.0148,0.4019,-0.0551,-0.1454
2017-10-01,0,1.8,3.58,6.3,6.0,128.0,9.5,3.8,0.2,3.5666666666666664,1.2200000000000002,0.0,5.7,4.1,121.9,2017,October,FY18,0.1039399999999999,0.0148,0.4019,-0.0551,-0.1454,0.10393999999999998,0.0148,0.4019,-0.0551,-0.1454
2017-11-01,0,8.5,3.58,6.3,6.0,129.9,9.5,3.8,0.2,4.8,1.2200000000000002,0.0,5.7,1.8,128.0,2017,November,FY18,0.1039399999999999,0.0148,0.4019,-0.0551,-0.1454,0.10393999999999998,0.0148,0.4019,-0.0551,-0.1454
2017-12-01,0,7.3,3.58,6.3,6.0,121.6,9.5,3.8,0.2,5.866666666666666,1.2200000000000002,0.0,5.7,8.5,129.9,2017,December,FY18,0.1039399999999999,0.0148,0.4019,-0.0551,-0.1454,0.10393999999999998,0.0148,0.4019,-0.0551,-0.1454
2018-01-01,0,7.5,5.07,7.2,6.0,141.7,10.2,4.0,0.2,7.766666666666666,1.4900000000000002,0.0,6.3,7.3,121.6,2018,January,FY18,0.1039399999999999,0.0148,0.4019,-0.0551,-0.1454,0.10393999999999998,0.0148,0.4019,-0.0551,-0.1454
2018-02-01,0,6.9,5.07,7.2,6.0,143.9,10.2,4.0,0.2,7.233333333333333,1.4900000000000002,0.0,6.3,7.5,141.7,2018,February,FY18,0.088015,-0.0079,0.3753,-0.0551,-0.1454,0.088015,-0.0079,0.3753,-0.0551,-0.1454
2018-03-01,0,5.3,5.07,7.2,6.0,143.8,10.2,4.0,0.05,6.5666666666666655,1.4900000000000002,0.0,6.3,6.9,143.9,2018,March,FY18,0.088015,-0.0079,0.3753,-0.0551,-0.1454,0.088015,-0.0079,0.3753,-0.0551,-0.1454
2018-04-01,0,4.5,4.58,8.1,6.0,143.9,10.8,4.2,0.05,5.5666666666666655,-0.4900000000000002,0.0,7.2,5.3,143.8,2018,April,FY19,0.088015,-0.0079,0.3753,-0.0551,-0.1454,0.088015,-0.0079,0.3753,-0.0551,-0.1454
2018-05-01,0,3.8,4.58,8.1,6.0,134.5,10.8,4.2,0.05,4.533333333333332,-0.4900000000000002,0.0,7.2,4.5,143.9,2018,May,FY19,0.088015,-0.0079,0.3753,-0.0551,-0.1454,0.088015,-0.0079,0.3753,-0.0551,-0.1454
2018-06-01,0,7.0,4.58,8.1,6.0,146.9,10.8,4.2,0.05,5.099999999999999,-0.4900000000000002,0.0,7.2,3.8,134.5,2018,June,FY19,0.088015,-0.0079,0.3753,-0.0551,-0.1454,0.088015,-0.0079,0.3753,-0.0551,-0.1454
2018-07-01,0,6.5,4.17,7.0,6.25,150.0,11.4,4.5,-0.15,5.766666666666666,-0.4100000000000001,0.25,8.1,7.0,146.9,2018,July,FY19,0.088015,-0.0079,0.3753,-0.0551,-0.1454,0.088015,-0.0079,0.3753,-0.0551,-0.1454
2018-08-01,0,4.8,4.17,7.0,6.5,147.7,11.4,4.5,-0.2,6.099999999999999,-0.4100000000000001,0.25,8.1,6.5,150.0,2018,August,FY19,0.2181799999999999,0.364,0.3753,-0.0551,-0.1454,0.21817999999999999,0.364,0.3753,-0.0551,-0.1454
2018-09-01,0,4.6,4.17,7.0,6.5,156.4,11.4,4.5,-0.2,5.299999999999999,-0.4100000000000001,0.0,8.1,4.8,147.7,2018,September,FY19,0.2181799999999999,0.364,0.3753,-0.0551,-0.1454,0.21817999999999999,0.364,0.3753,-0.0551,-0.1454
2018-10-01,0,8.4,3.38,6.6,6.5,164.2,12.0,5.2,-0.2,5.933333333333333,-0.79,0.0,7.0,4.6,156.4,2018,October,FY19,0.2181799999999999,0.364,0.3753,-0.0551,-0.1454,0.21817999999999999,0.364,0.3753,-0.0551,-0.1454
2018-11-01,0,0.2,3.38,6.6,6.5,181.1,12.0,5.2,-0.2,4.4,-0.79,0.0,7.0,8.4,164.2,2018,November,FY19,0.2181799999999999,0.364,0.3753,-0.0551,-0.1454,0.21817999999999999,0.364,0.3753,-0.0551,-0.1454
2018-12-01,0,2.5,3.38,6.6,6.5,165.9,12.0,5.2,-0.2,3.6999999999999993,-0.79,0.0,7.0,0.2,181.1,2018,December,FY19,0.2181799999999999,0.364,0.3753,-0.0551,-0.1454,0.21817999999999999,0.364,0.3753,-0.0551,-0.1454
2019-01-01,0,1.6,2.05,6.3,6.5,168.6,11.6,5.8,-0.2,1.433333333333333,-1.33,0.0,6.6,2.5,165.9,2019,January,FY19,0.2181799999999999,0.364,0.3753,-0.0551,-0.1454,0.21817999999999999,0.364,0.3753,-0.0551,-0.1454
2019-02-01,0,0.2,2.05,6.3,6.5,167.0,11.6,5.8,-0.2,1.433333333333333,-1.33,0.0,6.6,1.6,168.6,2019,February,FY19,0.07889,-0.0314,0.3723,-0.0551,-0.1454,0.07889,-0.0314,0.3723,-0.0551,-0.1454
2019-03-01,0,2.7,2.05,6.3,6.25,150.2,11.6,5.8,0.18,1.4999999999999991,-1.33,-0.25,6.6,0.2,167.0,2019,March,FY19,0.07889,-0.0314,0.3723,-0.0551,-0.1454,0.07889,-0.0314,0.3723,-0.0551,-0.1454
2019-04-01,0,3.2,2.99,5.8,6.25,170.6,11.2,6.2,0.18,2.0333333333333328,0.9400000000000004,0.0,6.3,2.7,150.2,2019,April,FY20,0.07889,-0.0314,0.3723,-0.0551,-0.1454,0.07889,-0.0314,0.3723,-0.0551,-0.1454
2019-05-01,0,4.5,2.99,5.8,6.0,172.9,11.2,6.2,0.22,3.4666666666666663,0.9400000000000004,-0.25,6.3,3.2,170.6,2019,May,FY20,0.07889,-0.0314,0.3723,-0.0551,-0.1454,0.07889,-0.0314,0.3723,-0.0551,-0.1454
2019-06-01,0,1.3,2.99,5.8,6.0,198.1,11.2,6.2,0.22,3.0,0.9400000000000004,0.0,6.3,4.5,172.9,2019,June,FY20,0.07889,-0.0314,0.3723,-0.0551,-0.1454,0.07889,-0.0314,0.3723,-0.0551,-0.1454
2019-07-01,0,4.9,3.15,5.0,5.75,118.1,10.5,7.2,0.25,3.5666666666666664,0.1599999999999997,-0.25,5.8,1.3,198.1,2019,July,FY20,0.07889,-0.0314,0.3723,-0.0551,-0.1454,0.07889,-0.0314,0.3723,-0.0551,-0.1454
2019-08-01,1,-1.4,3.15,5.0,5.75,110.9,10.5,7.2,0.25,1.5999999999999996,0.1599999999999997,0.0,5.8,4.9,118.1,2019,August,FY20,0.05985,-0.0858,0.3723,-0.0551,-0.1454,0.05985,-0.0858,0.3723,-0.0551,-0.1454
2019-09-01,1,-4.6,3.15,5.0,5.4,107.1,10.5,7.2,0.3,-0.3666666666666668,0.1599999999999997,-0.3499999999999996,5.8,-1.4,110.9,2019,September,FY20,0.05985,-0.0858,0.3723,-0.0551,-0.1454,0.05985,-0.0858,0.3723,-0.0551,-0.1454
2019-10-01,1,-6.6,4.62,4.2,5.4,92.9,9.8,7.5,0.3,-4.2,1.4700000000000002,0.0,5.0,-4.6,107.1,2019,October,FY20,0.05985,-0.0858,0.3723,-0.0551,-0.1454,0.05985,-0.0858,0.3723,-0.0551,-0.1454
2019-11-01,1,2.1,4.62,4.2,5.15,108.5,9.8,7.5,0.28,-3.033333333333333,1.4700000000000002,-0.25,5.0,-6.6,92.9,2019,November,FY20,0.05985,-0.0858,0.3723,-0.0551,-0.1454,0.05985,-0.0858,0.3723,-0.0551,-0.1454
2019-12-01,0,0.4,4.62,4.2,5.15,119.7,9.8,7.5,0.28,-1.366666666666667,1.4700000000000002,0.0,5.0,2.1,108.5,2019,December,FY20,0.05985,-0.0858,0.3723,-0.0551,-0.1454,0.05985,-0.0858,0.3723,-0.0551,-0.1454
2020-01-01,0,2.2,7.59,4.3,5.15,185.4,9.2,7.2,0.28,1.5666666666666664,2.97,0.0,4.2,0.4,119.7,2020,January,FY20,0.05985,-0.0858,0.3723,-0.0551,-0.1454,0.05985,-0.0858,0.3723,-0.0551,-0.1454
2020-02-01,0,5.2,7.59,4.3,5.15,168.4,9.2,7.2,0.28,2.6,2.97,0.0,4.2,2.2,185.4,2020,February,FY20,0.0254999999999999,-0.0858,0.2578,-0.0551,-0.1454,0.02226,-0.0858,0.247,-0.0551,-0.1454
2020-03-01,1,-18.7,7.59,4.3,5.15,65.6,9.2,7.2,0.28,-3.766666666666667,2.97,0.0,4.2,5.2,168.4,2020,March,FY20,-0.1027749999999999,-0.4523,0.2578,-0.0551,-0.1454,-0.10601499999999997,-0.4523,0.247,-0.0551,-0.1454
2020-04-01,1,-57.3,7.22,-23.9,4.4,80.7,7.5,23.5,-0.72,-23.6,-0.3700000000000001,-0.75,4.3,-18.7,65.6,2020,April,FY21,-0.1137949999999999,-0.4523,0.2578,-0.0551,-0.1454,-0.11703499999999997,-0.4523,0.247,-0.0551,-0.1454
2020-05-01,1,-33.4,7.22,-23.9,4.4,95.1,7.5,23.5,-0.72,-36.46666666666667,-0.3700000000000001,0.0,4.3,-57.3,80.7,2020,May,FY21,-0.081175,-0.3591,0.2578,-0.0551,-0.1454,-0.08441499999999999,-0.3591,0.247,-0.0551,-0.1454
2020-06-01,1,-16.6,7.22,-23.9,4.0,89.6,7.5,23.5,-0.68,-35.766666666666666,-0.3700000000000001,-0.4000000000000003,4.3,-33.4,95.1,2020,June,FY21,-0.081175,-0.3591,0.2578,-0.0551,-0.1454,-0.08441499999999999,-0.3591,0.247,-0.0551,-0.1454
2020-07-01,1,-10.5,6.93,-7.4,4.0,87.9,6.8,11.0,-0.68,-20.166666666666668,-0.29,0.0,-23.9,-16.6,89.6,2020,July,FY21,-0.081175,-0.3591,0.2578,-0.0551,-0.1454,-0.08441499999999999,-0.3591,0.247,-0.0551,-0.1454
2020-08-01,1,-7.1,6.93,-7.4,4.0,88.1,6.8,11.0,-0.68,-11.4,-0.29,0.0,-23.9,-10.5,87.9,2020,August,FY21,-0.081175,-0.3591,0.2578,-0.0551,-0.1454,-0.08441499999999999,-0.3591,0.247,-0.0551,-0.1454
2020-09-01,0,1.0,6.93,-7.4,4.0,173.2,6.8,11.0,-0.45,-5.533333333333334,-0.29,0.0,-23.9,-7.1,88.1,2020,September,FY21,-0.081175,-0.3591,0.2578,-0.0551,-0.1454,-0.08441499999999999,-0.3591,0.247,-0.0551,-0.1454
2020-10-01,0,4.5,7.61,0.5,4.0,165.8,7.2,7.0,-0.45,-0.5333333333333332,0.6800000000000006,0.0,-7.4,1.0,173.2,2020,October,FY21,-0.081175,-0.3591,0.2578,-0.0551,-0.1454,-0.08441499999999999,-0.3591,0.247,-0.0551,-0.1454
2020-11-01,0,-1.6,7.61,0.5,4.0,153.8,7.2,7.0,-0.3,1.3,0.6800000000000006,0.0,-7.4,4.5,165.8,2020,November,FY21,-0.081175,-0.3591,0.2578,-0.0551,-0.1454,-0.08441499999999999,-0.3591,0.247,-0.0551,-0.1454
2020-12-01,0,2.2,7.61,0.5,4.0,168.3,7.2,7.0,-0.3,1.7,0.6800000000000006,0.0,-7.4,-1.6,153.8,2020,December,FY21,-0.081175,-0.3591,0.2578,-0.0551,-0.1454,-0.08441499999999999,-0.3591,0.247,-0.0551,-0.1454
2021-01-01,0,-0.6,4.06,1.6,4.0,155.2,7.8,6.5,-0.3,3.700743415417188e-17,-3.5500000000000007,0.0,0.5,2.2,168.3,2021,January,FY21,-0.081175,-0.3591,0.2578,-0.0551,-0.1454,-0.08441499999999999,-0.3591,0.247,-0.0551,-0.1454
2021-02-01,0,-3.2,4.06,1.6,4.0,168.7,7.8,6.5,-0.3,-0.5333333333333333,-3.5500000000000007,0.0,0.5,-0.6,155.2,2021,February,FY21,0.0394149999999999,-0.0041,0.2456,-0.0551,-0.1454,0.038065,-0.0041,0.2411,-0.0551,-0.1454
2021-03-01,0,24.2,4.06,1.6,4.0,152.7,7.8,6.5,-0.3,6.8,-3.5500000000000007,0.0,0.5,-3.2,168.7,2021,March,FY21,0.0394149999999999,-0.0041,0.2456,-0.0551,-0.1454,0.038065,-0.0041,0.2411,-0.0551,-0.1454
2021-04-01,0,24.2,4.29,20.1,4.0,175.2,8.2,8.2,-0.3,10.5,0.2300000000000004,0.0,1.6,24.2,152.7,2021,April,FY22,0.138175,-0.0041,0.2456,0.4387,-0.1454,0.136825,-0.0041,0.2411,0.4387,-0.1454
2021-05-01,0,27.6,4.29,20.1,4.0,149.7,8.2,8.2,-0.25,25.9,0.2300000000000004,0.0,1.6,24.2,175.2,2021,May,FY22,0.138175,-0.0041,0.2456,0.4387,-0.1454,0.136825,-0.0041,0.2411,0.4387,-0.1454
2021-06-01,0,13.8,4.29,20.1,4.0,151.9,8.2,8.2,-0.25,20.700000000000003,0.2300000000000004,0.0,1.6,27.6,149.7,2021,June,FY22,0.138175,-0.0041,0.2456,0.4387,-0.1454,0.136825,-0.0041,0.2411,0.4387,-0.1454
2021-07-01,0,11.5,5.59,8.4,4.0,160.9,9.0,7.5,-0.25,17.633333333333336,1.2999999999999998,0.0,20.1,13.8,151.9,2021,July,FY22,0.138175,-0.0041,0.2456,0.4387,-0.1454,0.136825,-0.0041,0.2411,0.4387,-0.1454
2021-08-01,0,13.0,5.59,8.4,4.0,137.9,9.0,7.5,-0.25,12.766666666666666,1.2999999999999998,0.0,20.1,11.5,160.9,2021,August,FY22,0.128165,-0.0327,0.2456,0.4387,-0.1454,0.126815,-0.0327,0.2411,0.4387,-0.1454
2021-09-01,0,4.4,5.59,8.4,4.0,149.9,9.0,7.5,0.1,9.633333333333333,1.2999999999999998,0.0,20.1,13.0,137.9,2021,September,FY22,0.128165,-0.0327,0.2456,0.4387,-0.1454,0.126815,-0.0327,0.2411,0.4387,-0.1454
2021-10-01,0,4.2,4.48,5.4,4.0,158.1,9.8,7.0,0.1,7.2,-1.1099999999999994,0.0,8.4,4.4,149.9,2021,October,FY22,0.128165,-0.0327,0.2456,0.4387,-0.1454,0.126815,-0.0327,0.2411,0.4387,-0.1454
2021-11-01,0,1.0,4.48,5.4,4.0,126.3,9.8,7.0,0.1,3.2000000000000006,-1.1099999999999994,0.0,8.4,4.2,158.1,2021,November,FY22,0.128165,-0.0327,0.2456,0.4387,-0.1454,0.126815,-0.0327,0.2411,0.4387,-0.1454
2021-12-01,0,1.0,4.48,5.4,4.0,141.6,9.8,7.0,0.1,2.066666666666667,-1.1099999999999994,0.0,8.4,1.0,126.3,2021,December,FY22,0.128165,-0.0327,0.2456,0.4387,-0.1454,0.126815,-0.0327,0.2411,0.4387,-0.1454
2022-01-01,0,1.5,6.01,4.1,4.0,139.6,10.5,6.8,0.1,1.1666666666666667,1.5299999999999994,0.0,5.4,1.0,141.6,2022,January,FY22,0.128165,-0.0327,0.2456,0.4387,-0.1454,0.126815,-0.0327,0.2411,0.4387,-0.1454
2022-02-01,0,1.7,6.01,4.1,4.0,142.1,10.5,6.8,0.1,1.4,1.5299999999999994,0.0,5.4,1.5,139.6,2022,February,FY22,0.158225,-0.0327,0.3458,0.4387,-0.1454,0.166205,-0.0327,0.3724,0.4387,-0.1454
2022-03-01,0,2.2,6.01,4.1,4.0,119.2,10.5,6.8,0.1,1.8,1.5299999999999994,0.0,5.4,1.7,142.1,2022,March,FY22,0.158225,-0.0327,0.3458,0.4387,-0.1454,0.166205,-0.0327,0.3724,0.4387,-0.1454
2022-04-01,0,6.3,7.79,13.1,4.0,98.0,11.2,7.2,0.1,3.4,1.7800000000000002,0.0,4.1,2.2,119.2,2022,April,FY23,0.067605,-0.0327,0.3458,-0.0144,-0.1454,0.07558500000000001,-0.0327,0.3724,-0.0144,-0.1454
2022-05-01,0,19.6,7.79,13.1,4.0,94.7,11.2,7.2,0.1,9.366666666666667,1.7800000000000002,0.0,4.1,6.3,98.0,2022,May,FY23,0.067605,-0.0327,0.3458,-0.0144,-0.1454,0.07558500000000001,-0.0327,0.3724,-0.0144,-0.1454
2022-06-01,0,12.6,7.79,13.1,4.4,120.5,11.2,7.2,-0.3,12.833333333333334,1.7800000000000002,0.4000000000000003,4.1,19.6,94.7,2022,June,FY23,0.067605,-0.0327,0.3458,-0.0144,-0.1454,0.07558500000000001,-0.0327,0.3724,-0.0144,-0.1454
2022-07-01,0,2.4,6.71,6.3,4.9,120.5,12.0,6.9,-0.35,11.533333333333331,-1.08,0.5,13.1,12.6,120.5,2022,July,FY23,0.067605,-0.0327,0.3458,-0.0144,-0.1454,0.07558500000000001,-0.0327,0.3724,-0.0144,-0.1454
2022-08-01,0,0.8,6.71,6.3,4.9,123.4,12.0,6.9,-0.35,5.266666666666667,-1.08,0.0,13.1,2.4,120.5,2022,August,FY23,0.07548,-0.0102,0.3458,-0.0144,-0.1454,0.08346,-0.0102,0.3724,-0.0144,-0.1454
2022-09-01,0,3.5,6.71,6.3,5.4,125.7,12.0,6.9,-0.35,2.2333333333333334,-1.08,0.5,13.1,0.8,123.4,2022,September,FY23,0.07548,-0.0102,0.3458,-0.0144,-0.1454,0.08346,-0.0102,0.3724,-0.0144,-0.1454
2022-10-01,0,4.2,6.77,4.4,5.9,105.6,13.0,7.1,-0.28,2.833333333333333,0.0599999999999996,0.5,6.3,3.5,125.7,2022,October,FY23,0.07548,-0.0102,0.3458,-0.0144,-0.1454,0.08346,-0.0102,0.3724,-0.0144,-0.1454
2022-11-01,0,7.1,6.77,4.4,5.9,105.1,13.0,7.1,-0.28,4.933333333333334,0.0599999999999996,0.0,6.3,4.2,105.6,2022,November,FY23,0.07548,-0.0102,0.3458,-0.0144,-0.1454,0.08346,-0.0102,0.3724,-0.0144,-0.1454
2022-12-01,0,4.7,6.77,4.4,5.9,119.9,13.0,7.1,-0.28,5.333333333333333,0.0599999999999996,0.0,6.3,7.1,105.1,2022,December,FY23,0.07548,-0.0102,0.3458,-0.0144,-0.1454,0.08346,-0.0102,0.3724,-0.0144,-0.1454
2023-01-01,0,5.8,6.52,6.1,6.25,112.5,14.2,7.0,-0.28,5.866666666666667,-0.25,0.3499999999999996,4.4,4.7,119.9,2023,January,FY23,0.07548,-0.0102,0.3458,-0.0144,-0.1454,0.08346,-0.0102,0.3724,-0.0144,-0.1454
2023-02-01,0,6.0,6.52,6.1,6.25,115.1,14.2,7.0,-0.28,5.5,-0.25,0.0,4.4,5.8,112.5,2023,February,FY23,0.11235,-0.009,0.4673,-0.0144,-0.1454,0.09303,-0.009,0.4029,-0.0144,-0.1454
2023-03-01,0,1.9,6.52,6.1,6.5,91.3,14.2,7.0,-0.18,4.566666666666666,-0.25,0.25,4.4,6.0,115.1,2023,March,FY23,0.11235,-0.009,0.4673,-0.0144,-0.1454,0.09303,-0.009,0.4029,-0.0144,-0.1454
2023-04-01,0,4.6,4.7,7.8,6.5,108.1,15.0,6.8,-0.18,4.166666666666667,-1.82,0.0,6.1,1.9,91.3,2023,April,FY24,0.11609,-0.009,0.4673,0.0043,-0.1454,0.09677,-0.009,0.4029,0.0043,-0.1454
2023-05-01,0,5.7,4.7,7.8,6.5,90.2,15.0,6.8,-0.18,4.066666666666666,-1.82,0.0,6.1,4.6,108.1,2023,May,FY24,0.11609,-0.009,0.4673,0.0043,-0.1454,0.09677,-0.009,0.4029,0.0043,-0.1454
2023-06-01,0,4.0,4.7,7.8,6.5,106.3,15.0,6.8,-0.18,4.766666666666667,-1.82,0.0,6.1,5.7,90.2,2023,June,FY24,0.11609,-0.009,0.4673,0.0043,-0.1454,0.09677,-0.009,0.4029,0.0043,-0.1454
2023-07-01,0,6.2,7.44,7.6,6.5,108.7,15.8,6.5,-0.18,5.3,2.74,0.0,7.8,4.0,106.3,2023,July,FY24,0.11609,-0.009,0.4673,0.0043,-0.1454,0.09677,-0.009,0.4029,0.0043,-0.1454
2023-08-01,0,10.9,7.44,7.6,6.5,87.8,15.8,6.5,-0.18,7.033333333333334,2.74,0.0,7.8,6.2,108.7,2023,August,FY24,-0.069795,-0.5401,0.4673,0.0043,-0.1454,-0.08911500000000001,-0.5401,0.4029,0.0043,-0.1454
2023-09-01,0,6.4,7.44,7.6,6.5,104.6,15.8,6.5,-0.05,7.833333333333333,2.74,0.0,7.8,10.9,87.8,2023,September,FY24,-0.069795,-0.5401,0.4673,0.0043,-0.1454,-0.08911500000000001,-0.5401,0.4029,0.0043,-0.1454
2023-10-01,0,11.9,4.87,8.4,6.5,98.3,16.2,6.2,-0.05,9.733333333333333,-2.5700000000000003,0.0,7.6,6.4,104.6,2023,October,FY24,-0.069795,-0.5401,0.4673,0.0043,-0.1454,-0.08911500000000001,-0.5401,0.4029,0.0043,-0.1454
2023-11-01,0,2.5,4.87,8.4,6.5,101.7,16.2,6.2,-0.05,6.933333333333334,-2.5700000000000003,0.0,7.6,11.9,98.3,2023,November,FY24,-0.069795,-0.5401,0.4673,0.0043,-0.1454,-0.08911500000000001,-0.5401,0.4029,0.0043,-0.1454
2023-12-01,0,4.4,4.87,8.4,6.5,112.0,16.2,6.2,-0.05,6.266666666666667,-2.5700000000000003,0.0,7.6,2.5,101.7,2023,December,FY24,-0.069795,-0.5401,0.4673,0.0043,-0.1454,-0.08911500000000001,-0.5401,0.4029,0.0043,-0.1454
2024-01-01,0,4.2,5.1,7.8,6.5,90.2,16.5,6.0,-0.05,3.7000000000000006,0.2299999999999995,0.0,8.4,4.4,112.0,2024,January,FY24,-0.069795,-0.5401,0.4673,0.0043,-0.1454,-0.08911500000000001,-0.5401,0.4029,0.0043,-0.1454
2024-02-01,0,5.6,5.1,7.8,6.5,85.0,16.5,6.0,-0.05,4.733333333333333,0.2299999999999995,0.0,8.4,4.2,90.2,2024,February,FY24,-0.0087899999999999,-0.2404,0.321,0.0043,-0.1454,-0.0052799999999999965,-0.2404,0.3327,0.0043,-0.1454
2024-03-01,0,5.5,5.1,7.8,6.5,83.6,16.5,6.0,0.05,5.1000000000000005,0.2299999999999995,0.0,8.4,5.6,85.0,2024,March,FY24,-0.0087899999999999,-0.2404,0.321,0.0043,-0.1454,-0.0052799999999999965,-0.2404,0.3327,0.0043,-0.1454
2024-04-01,0,5.2,4.83,6.7,6.5,84.5,16.8,5.8,0.05,5.433333333333334,-0.2699999999999996,0.0,7.8,5.5,83.6,2024,April,FY25,-0.0871899999999999,-0.2404,0.321,-0.3877,-0.1454,-0.08367999999999999,-0.2404,0.3327,-0.3877,-0.1454
2024-05-01,0,6.3,4.83,6.7,6.5,92.2,16.8,5.8,0.05,5.666666666666667,-0.2699999999999996,0.0,7.8,5.2,84.5,2024,May,FY25,-0.0871899999999999,-0.2404,0.321,-0.3877,-0.1454,-0.08367999999999999,-0.2404,0.3327,-0.3877,-0.1454
2024-06-01,0,4.9,4.83,6.7,6.5,96.9,16.8,5.8,0.05,5.466666666666666,-0.2699999999999996,0.0,7.8,6.3,92.2,2024,June,FY25,-0.0871899999999999,-0.2404,0.321,-0.3877,-0.1454,-0.08367999999999999,-0.2404,0.3327,-0.3877,-0.1454
2024-07-01,0,5.0,3.54,5.4,6.5,96.9,17.0,5.5,0.05,5.4,-1.29,0.0,6.7,4.9,96.9,2024,July,FY25,-0.0871899999999999,-0.2404,0.321,-0.3877,-0.1454,-0.08367999999999999,-0.2404,0.3327,-0.3877,-0.1454
2024-08-01,0,0.0,3.54,5.4,6.5,103.3,17.0,5.5,0.05,3.2999999999999994,-1.29,0.0,6.7,5.0,96.9,2024,August,FY25,-0.005535,-0.0071,0.321,-0.3877,-0.1454,-0.0020250000000000025,-0.0071,0.3327,-0.3877,-0.1454
2024-09-01,0,3.2,3.54,5.4,6.5,96.1,17.0,5.5,0.05,2.733333333333333,-1.29,0.0,6.7,0.0,103.3,2024,September,FY25,-0.005535,-0.0071,0.321,-0.3877,-0.1454,-0.0020250000000000025,-0.0071,0.3327,-0.3877,-0.1454
2024-10-01,0,3.7,6.21,6.4,6.5,111.7,16.5,5.2,0.05,2.3000000000000003,2.67,0.0,5.4,3.2,96.1,2024,October,FY25,-0.005535,-0.0071,0.321,-0.3877,-0.1454,-0.0020250000000000025,-0.0071,0.3327,-0.3877,-0.1454
2024-11-01,0,5.0,6.21,6.4,6.5,95.8,16.5,5.2,0.1,3.966666666666667,2.67,0.0,5.4,3.7,111.7,2024,November,FY25,-0.005535,-0.0071,0.321,-0.3877,-0.1454,-0.0020250000000000025,-0.0071,0.3327,-0.3877,-0.1454
2024-12-01,0,3.7,6.21,6.4,6.5,127.0,16.5,5.2,0.1,4.133333333333333,2.67,0.0,5.4,5.0,95.8,2024,December,FY25,-0.005535,-0.0071,0.321,-0.3877,-0.1454,-0.0020250000000000025,-0.0071,0.3327,-0.3877,-0.1454
2025-01-01,0,5.2,4.26,6.5,6.5,107.6,15.2,5.0,0.1,4.633333333333334,-1.95,0.0,6.4,3.7,127.0,2025,January,FY25,-0.005535,-0.0071,0.321,-0.3877,-0.1454,-0.0020250000000000025,-0.0071,0.3327,-0.3877,-0.1454
2025-02-01,0,2.7,3.61,6.5,6.5,94.5,15.2,5.0,0.1,3.866666666666667,-1.95,0.0,6.4,5.2,107.6,2025,February,FY25,0.022305,-0.0071,0.4138,-0.3877,-0.1454,-0.0015749999999999965,-0.0071,0.3342,-0.3877,-0.1454
2025-03-01,0,3.9,3.34,6.5,6.25,94.2,15.2,5.0,-0.37,3.9333333333333336,-1.95,-0.25,6.4,2.7,94.5,2025,March,FY25,0.022305,-0.0071,0.4138,-0.3877,-0.1454,-0.0015749999999999965,-0.0071,0.3342,-0.3877,-0.1454
2025-04-01,0,2.6,3.16,7.4,6.25,111.6,14.5,4.9,-0.37,3.0666666666666664,-1.0999999999999996,0.0,6.5,3.9,94.2,2025,April,FY26,0.087325,-0.0071,0.4138,-0.0626,-0.1454,0.063445,-0.0071,0.3342,-0.0626,-0.1454
2025-05-01,0,1.9,2.82,7.4,6.0,106.6,14.5,4.9,-0.2,2.8000000000000003,-0.79,-0.25,6.5,2.6,111.6,2025,May,FY26,0.087325,-0.0071,0.4138,-0.0626,-0.1454,0.063445,-0.0071,0.3342,-0.0626,-0.1454
2025-06-01,0,1.5,2.1,7.4,6.0,118.1,14.5,4.9,-0.2,2.0,-1.2399999999999998,0.0,6.5,1.9,106.6,2025,June,FY26,0.087325,-0.0071,0.4138,-0.0626,-0.1454,0.063445,-0.0071,0.3342,-0.0626,-0.1454
2025-07-01,0,4.3,2.24,7.0,5.5,117.9,14.0,4.8,0.23,2.5666666666666664,-0.92,-0.5,7.4,1.5,118.1,2025,July,FY26,0.087325,-0.0071,0.4138,-0.0626,-0.1454,0.063445,-0.0071,0.3342,-0.0626,-0.1454
2025-08-01,0,4.1,2.12,7.0,5.5,114.7,14.0,4.8,0.23,3.2999999999999994,-0.6999999999999997,0.0,7.4,4.3,117.9,2025,August,FY26,0.087325,-0.0071,0.4138,-0.0626,-0.1454,0.063445,-0.0071,0.3342,-0.0626,-0.1454
2025-09-01,0,4.6,2.08,7.0,5.5,109.3,14.0,4.8,-0.31,4.333333333333333,-0.02,0.0,7.4,4.1,114.7,2025,September,FY26,0.087325,-0.0071,0.4138,-0.0626,-0.1454,0.063445,-0.0071,0.3342,-0.0626,-0.1454
2025-10-01,0,0.4,0.41,6.9,5.5,105.0,13.5,4.7,0.45,3.033333333333333,-1.8300000000000003,0.0,7.0,4.6,109.3,2025,October,FY26,0.087325,-0.0071,0.4138,-0.0626,-0.1454,0.063445,-0.0071,0.3342,-0.0626,-0.1454
2025-11-01,0,0.4,1.2,6.9,5.5,118.1,13.5,4.7,0.45,2.5,-0.9200000000000002,0.0,7.0,0.4,105.0,2025,November,FY26,0.087325,-0.0071,0.4138,-0.0626,-0.1454,0.063445,-0.0071,0.3342,-0.0626,-0.1454
2025-12-01,0,0.4,0.6,6.9,5.5,133.6,13.5,4.7,0.45,0.4,-1.48,0.0,7.0,0.4,118.1,2025,December,FY26,0.087325,-0.0071,0.4138,-0.0626,-0.1454,0.063445,-0.0071,0.3342,-0.0626,-0.1454
2026-01-01,0,0.4,1.4,6.5,5.25,129.6,13.1,4.8,-0.89,0.4,0.99,-0.25,6.9,0.4,133.6,2026,January,FY26,0.087325,-0.0071,0.4138,-0.0626,-0.1454,0.063445,-0.0071,0.3342,-0.0626,-0.1454
2026-02-01,0,0.4,2.1,6.5,5.25,117.5,13.1,4.8,-0.89,0.4,0.9000000000000001,0.0,6.9,0.4,129.6,2026,February,FY26,0.087325,-0.0071,0.4138,-0.0626,-0.1454,0.063445,-0.0071,0.3342,-0.0626,-0.1454
