date,ml_prob,agent_score,final_score,status,actual,top_signals,explanation
2000-01-01,0.002,0.258,0.104,alert,0,CPI 10.4% above RBI's target band; IIP contracting: -0.7%; 3-month avg negative: -0.70,CPI 10.4% above RBI's target band; IIP contracting: -0.7%; 3-month avg negative: -0.70
2000-02-01,0.002,0.256,0.103,alert,0,CPI 10.4% above RBI's target band; IIP contracting: -0.7%; 3-month avg negative: -0.70,CPI 10.4% above RBI's target band; IIP contracting: -0.7%; 3-month avg negative: -0.70
2000-03-01,0.004,0.263,0.108,alert,0,CPI 10.4% above RBI's target band; IIP contracting: -0.7%; 3-month avg negative: -0.70,CPI 10.4% above RBI's target band; IIP contracting: -0.7%; 3-month avg negative: -0.70
2000-04-01,0.003,0.254,0.103,alert,0,CPI 10.4% above RBI's target band; IIP contracting: -0.7%; 3-month avg negative: -0.70,CPI 10.4% above RBI's target band; IIP contracting: -0.7%; 3-month avg negative: -0.70
2000-05-01,0.004,0.299,0.122,alert,0,CPI 10.4% above RBI's target band; IIP contracting: -0.7%; 3-month avg negative: -0.70,CPI 10.4% above RBI's target band; IIP contracting: -0.7%; 3-month avg negative: -0.70
2000-06-01,0.006,0.371,0.152,alert,0,CPI 10.4% above RBI's target band; IIP contracting: -0.7%; 3-month avg negative: -0.70,CPI 10.4% above RBI's target band; IIP contracting: -0.7%; 3-month avg negative: -0.70
2000-07-01,0.006,0.362,0.149,alert,0,CPI 10.4% above RBI's target band; IIP contracting: -0.7%; 3-month avg negative: -0.70,CPI 10.4% above RBI's target band; IIP contracting: -0.7%; 3-month avg negative: -0.70
2000-08-01,0.004,0.335,0.136,alert,0,CPI 10.4% above RBI's target band; IIP contracting: -0.7%; 3-month avg negative: -0.70,CPI 10.4% above RBI's target band; IIP contracting: -0.7%; 3-month avg negative: -0.70
2000-09-01,0.005,0.389,0.158,alert,0,CPI 10.4% above RBI's target band; IIP contracting: -0.7%; 3-month avg negative: -0.70,CPI 10.4% above RBI's target band; IIP contracting: -0.7%; 3-month avg negative: -0.70
2000-10-01,0.004,0.347,0.141,alert,0,CPI 10.4% above RBI's target band; IIP contracting: -0.7%; 3-month avg negative: -0.70,CPI 10.4% above RBI's target band; IIP contracting: -0.7%; 3-month avg negative: -0.70
2000-11-01,0.018,0.367,0.158,alert,0,CPI 10.4% above RBI's target band; IIP contracting: -0.7%; 3-month avg negative: -0.70,CPI 10.4% above RBI's target band; IIP contracting: -0.7%; 3-month avg negative: -0.70
2000-12-01,0.007,0.316,0.13,alert,0,CPI 10.4% above RBI's target band; IIP contracting: -0.7%; 3-month avg negative: -0.70,CPI 10.4% above RBI's target band; IIP contracting: -0.7%; 3-month avg negative: -0.70
2001-01-01,0.002,0.256,0.103,alert,0,CPI 10.4% above RBI's target band; IIP contracting: -0.7%; 3-month avg negative: -0.70,CPI 10.4% above RBI's target band; IIP contracting: -0.7%; 3-month avg negative: -0.70
2001-02-01,0.006,0.215,0.089,alert,0,CPI 10.4% above RBI's target band; IIP contracting: -0.7%; 3-month avg negative: -0.70,CPI 10.4% above RBI's target band; IIP contracting: -0.7%; 3-month avg negative: -0.70
2001-03-01,0.007,0.307,0.127,alert,0,CPI 10.4% above RBI's target band; IIP contracting: -0.7%; 3-month avg negative: -0.70,CPI 10.4% above RBI's target band; IIP contracting: -0.7%; 3-month avg negative: -0.70
2001-04-01,0.001,0.37,0.149,alert,0,CPI 10.4% above RBI's target band; IIP contracting: -0.7%; 3-month avg negative: -0.70,CPI 10.4% above RBI's target band; IIP contracting: -0.7%; 3-month avg negative: -0.70
2001-05-01,0.004,0.323,0.132,alert,0,CPI 10.4% above RBI's target band; IIP contracting: -0.7%; 3-month avg negative: -0.70,CPI 10.4% above RBI's target band; IIP contracting: -0.7%; 3-month avg negative: -0.70
2001-06-01,0.001,0.192,0.078,alert,0,CPI 10.4% above RBI's target band; IIP contracting: -0.7%; 3-month avg negative: -0.70,CPI 10.4% above RBI's target band; IIP contracting: -0.7%; 3-month avg negative: -0.70
2001-07-01,0.005,0.178,0.074,alert,0,CPI 10.4% above RBI's target band; IIP contracting: -0.7%; 3-month avg negative: -0.70,CPI 10.4% above RBI's target band; IIP contracting: -0.7%; 3-month avg negative: -0.70
2001-08-01,0.0,0.272,0.109,alert,0,CPI 10.4% above RBI's target band; IIP contracting: -0.7%; 3-month avg negative: -0.70,CPI 10.4% above RBI's target band; IIP contracting: -0.7%; 3-month avg negative: -0.70
2001-09-01,0.994,0.356,0.739,alert,1,CPI 10.4% above RBI's target band; IIP contracting: -0.7%; 3-month avg negative: -0.70,CPI 10.4% above RBI's target band; IIP contracting: -0.7%; 3-month avg negative: -0.70
2001-10-01,0.996,0.414,0.763,alert,1,CPI 10.4% above RBI's target band; IIP contracting: -0.7%; 3-month avg negative: -0.70,"2001-10: elevated recession risk (P=76.3%). CPI 10.4% above RBI's target band IIP contracting: -0.7% 3-month avg negative: -0.70 India VIX elevated: 34.1 Related policy commentary: [Budget Speech 2017-02] retreat from globalisation of goods, services and people, as pressures for protectionism are building up. These developments have the potential to aff... | [Budget Speech 2016-02] Annexes to Part B DirectTax 40 Indirect Tax 49 Other Legislative Amendments 71 Budget 2016-2017 Speech of Arun Jaitley Minister of Finance February 29..."
2001-11-01,0.995,0.304,0.718,alert,1,CPI 10.4% above RBI's target band; IIP contracting: -0.7%; 3-month avg negative: -0.70,CPI 10.4% above RBI's target band; IIP contracting: -0.7%; 3-month avg negative: -0.70
2001-12-01,0.975,0.236,0.68,alert,1,CPI 10.4% above RBI's target band; IIP contracting: -0.7%; 3-month avg negative: -0.70,CPI 10.4% above RBI's target band; IIP contracting: -0.7%; 3-month avg negative: -0.70
2002-01-01,0.997,0.198,0.678,alert,1,CPI 10.4% above RBI's target band; IIP contracting: -0.7%; 3-month avg negative: -0.70,CPI 10.4% above RBI's target band; IIP contracting: -0.7%; 3-month avg negative: -0.70
2002-02-01,0.996,0.229,0.689,alert,1,CPI 10.4% above RBI's target band; IIP contracting: -0.7%; 3-month avg negative: -0.70,CPI 10.4% above RBI's target band; IIP contracting: -0.7%; 3-month avg negative: -0.70
2002-03-01,0.92,0.177,0.623,alert,1,CPI 10.4% above RBI's target band; IIP contracting: -0.7%; 3-month avg negative: -0.70,CPI 10.4% above RBI's target band; IIP contracting: -0.7%; 3-month avg negative: -0.70
2002-04-01,0.061,0.192,0.113,alert,0,CPI 10.4% above RBI's target band; IIP contracting: -0.7%; 3-month avg negative: -0.70,CPI 10.4% above RBI's target band; IIP contracting: -0.7%; 3-month avg negative: -0.70
2002-05-01,0.03,0.279,0.13,alert,0,CPI 10.4% above RBI's target band; IIP contracting: -0.7%; 3-month avg negative: -0.70,CPI 10.4% above RBI's target band; IIP contracting: -0.7%; 3-month avg negative: -0.70
2002-06-01,0.014,0.274,0.118,alert,0,CPI 10.4% above RBI's target band; IIP contracting: -0.7%; 3-month avg negative: -0.70,CPI 10.4% above RBI's target band; IIP contracting: -0.7%; 3-month avg negative: -0.70
2002-07-01,0.022,0.298,0.133,alert,0,CPI 10.4% above RBI's target band; IIP contracting: -0.7%; 3-month avg negative: -0.70,CPI 10.4% above RBI's target band; IIP contracting: -0.7%; 3-month avg negative: -0.70
2002-08-01,0.023,0.233,0.107,alert,0,CPI 10.4% above RBI's target band; IIP contracting: -0.7%; 3-month avg negative: -0.70,CPI 10.4% above RBI's target band; IIP contracting: -0.7%; 3-month avg negative: -0.70
2002-09-01,0.033,0.226,0.11,alert,0,CPI 10.4% above RBI's target band; IIP contracting: -0.7%; 3-month avg negative: -0.70,CPI 10.4% above RBI's target band; IIP contracting: -0.7%; 3-month avg negative: -0.70
2002-10-01,0.017,0.168,0.077,alert,0,CPI 10.4% above RBI's target band; IIP contracting: -0.7%; 3-month avg negative: -0.70,CPI 10.4% above RBI's target band; IIP contracting: -0.7%; 3-month avg negative: -0.70
2002-11-01,0.015,0.295,0.127,alert,0,CPI 10.4% above RBI's target band; IIP contracting: -0.7%; 3-month avg negative: -0.70,CPI 10.4% above RBI's target band; IIP contracting: -0.7%; 3-month avg negative: -0.70
2002-12-01,0.04,0.174,0.093,alert,0,CPI 10.4% above RBI's target band; IIP contracting: -0.7%; 3-month avg negative: -0.70,CPI 10.4% above RBI's target band; IIP contracting: -0.7%; 3-month avg negative: -0.70
2003-01-01,0.001,0.173,0.07,alert,0,CPI 10.4% above RBI's target band; IIP contracting: -0.7%; 3-month avg negative: -0.70,CPI 10.4% above RBI's target band; IIP contracting: -0.7%; 3-month avg negative: -0.70
2003-02-01,0.001,0.167,0.068,alert,0,CPI 10.4% above RBI's target band; IIP contracting: -0.7%; 3-month avg negative: -0.70,CPI 10.4% above RBI's target band; IIP contracting: -0.7%; 3-month avg negative: -0.70
2003-03-01,0.0,0.198,0.08,alert,0,CPI 10.4% above RBI's target band; IIP contracting: -0.7%; 3-month avg negative: -0.70,CPI 10.4% above RBI's target band; IIP contracting: -0.7%; 3-month avg negative: -0.70
2003-04-01,0.001,0.171,0.069,alert,0,CPI 10.4% above RBI's target band; IIP contracting: -0.7%; 3-month avg negative: -0.70,CPI 10.4% above RBI's target band; IIP contracting: -0.7%; 3-month avg negative: -0.70
2003-05-01,0.0,0.3,0.12,alert,0,CPI 10.4% above RBI's target band; IIP contracting: -0.7%; 3-month avg negative: -0.70,CPI 10.4% above RBI's target band; IIP contracting: -0.7%; 3-month avg negative: -0.70
2003-06-01,0.002,0.268,0.108,alert,0,CPI 10.4% above RBI's target band; IIP contracting: -0.7%; 3-month avg negative: -0.70,CPI 10.4% above RBI's target band; IIP contracting: -0.7%; 3-month avg negative: -0.70
2003-07-01,0.001,0.207,0.084,alert,0,CPI 10.4% above RBI's target band; IIP contracting: -0.7%; 3-month avg negative: -0.70,CPI 10.4% above RBI's target band; IIP contracting: -0.7%; 3-month avg negative: -0.70
2003-08-01,0.001,0.202,0.081,alert,0,CPI 10.4% above RBI's target band; IIP contracting: -0.7%; 3-month avg negative: -0.70,CPI 10.4% above RBI's target band; IIP contracting: -0.7%; 3-month avg negative: -0.70
2003-09-01,0.001,0.169,0.068,alert,0,CPI 10.4% above RBI's target band; IIP contracting: -0.7%; 3-month avg negative: -0.70,CPI 10.4% above RBI's target band; IIP contracting: -0.7%; 3-month avg negative: -0.70
2003-10-01,0.001,0.177,0.072,alert,0,CPI 10.4% above RBI's target band; IIP contracting: -0.7%; 3-month avg negative: -0.70,CPI 10.4% above RBI's target band; IIP contracting: -0.7%; 3-month avg negative: -0.70
2003-11-01,0.001,0.164,0.066,alert,0,CPI 10.4% above RBI's target band; IIP contracting: -0.7%; 3-month avg negative: -0.70,CPI 10.4% above RBI's target band; IIP contracting: -0.7%; 3-month avg negative: -0.70
2003-12-01,0.003,0.198,0.081,alert,0,CPI 10.4% above RBI's target band; IIP contracting: -0.7%; 3-month avg negative: -0.70,CPI 10.4% above RBI's target band; IIP contracting: -0.7%; 3-month avg negative: -0.70
2004-01-01,0.002,0.241,0.097,alert,0,CPI 10.4% above RBI's target band; IIP contracting: -0.7%; 3-month avg negative: -0.70,CPI 10.4% above RBI's target band; IIP contracting: -0.7%; 3-month avg negative: -0.70
2004-02-01,0.001,0.257,0.103,alert,0,CPI 10.4% above RBI's target band; IIP contracting: -0.7%; 3-month avg negative: -0.70,CPI 10.4% above RBI's target band; IIP contracting: -0.7%; 3-month avg negative: -0.70
2004-03-01,0.001,0.257,0.104,alert,0,CPI 10.4% above RBI's target band; IIP contracting: -0.7%; 3-month avg negative: -0.70,CPI 10.4% above RBI's target band; IIP contracting: -0.7%; 3-month avg negative: -0.70
2004-04-01,0.001,0.246,0.099,alert,0,CPI 10.4% above RBI's target band; IIP contracting: -0.7%; 3-month avg negative: -0.70,CPI 10.4% above RBI's target band; IIP contracting: -0.7%; 3-month avg negative: -0.70
2004-05-01,0.002,0.426,0.172,alert,0,CPI 10.4% above RBI's target band; IIP contracting: -0.7%; 3-month avg negative: -0.70,CPI 10.4% above RBI's target band; IIP contracting: -0.7%; 3-month avg negative: -0.70
2004-06-01,0.004,0.479,0.194,alert,0,CPI 10.4% above RBI's target band; IIP contracting: -0.7%; 3-month avg negative: -0.70,CPI 10.4% above RBI's target band; IIP contracting: -0.7%; 3-month avg negative: -0.70
2004-07-01,0.004,0.318,0.13,alert,0,CPI 10.4% above RBI's target band; IIP contracting: -0.7%; 3-month avg negative: -0.70,CPI 10.4% above RBI's target band; IIP contracting: -0.7%; 3-month avg negative: -0.70
2004-08-01,0.005,0.244,0.1,alert,0,CPI 10.4% above RBI's target band; IIP contracting: -0.7%; 3-month avg negative: -0.70,CPI 10.4% above RBI's target band; IIP contracting: -0.7%; 3-month avg negative: -0.70
2004-09-01,0.002,0.251,0.102,alert,0,CPI 10.4% above RBI's target band; IIP contracting: -0.7%; 3-month avg negative: -0.70,CPI 10.4% above RBI's target band; IIP contracting: -0.7%; 3-month avg negative: -0.70
2004-10-01,0.002,0.194,0.079,alert,0,CPI 10.4% above RBI's target band; IIP contracting: -0.7%; 3-month avg negative: -0.70,CPI 10.4% above RBI's target band; IIP contracting: -0.7%; 3-month avg negative: -0.70
2004-11-01,0.002,0.172,0.07,alert,0,CPI 10.4% above RBI's target band; IIP contracting: -0.7%; 3-month avg negative: -0.70,CPI 10.4% above RBI's target band; IIP contracting: -0.7%; 3-month avg negative: -0.70
2004-12-01,0.001,0.199,0.08,alert,0,CPI 10.4% above RBI's target band; IIP contracting: -0.7%; 3-month avg negative: -0.70,CPI 10.4% above RBI's target band; IIP contracting: -0.7%; 3-month avg negative: -0.70
2005-01-01,0.001,0.203,0.082,alert,0,CPI 10.4% above RBI's target band; IIP contracting: -0.7%; 3-month avg negative: -0.70,CPI 10.4% above RBI's target band; IIP contracting: -0.7%; 3-month avg negative: -0.70
2005-02-01,0.001,0.17,0.069,alert,0,CPI 10.4% above RBI's target band; IIP contracting: -0.7%; 3-month avg negative: -0.70,CPI 10.4% above RBI's target band; IIP contracting: -0.7%; 3-month avg negative: -0.70
2005-03-01,0.002,0.156,0.064,alert,0,CPI 10.4% above RBI's target band; IIP contracting: -0.7%; 3-month avg negative: -0.70,CPI 10.4% above RBI's target band; IIP contracting: -0.7%; 3-month avg negative: -0.70
2005-04-01,0.002,0.162,0.066,alert,0,CPI 10.4% above RBI's target band; IIP contracting: -0.7%; 3-month avg negative: -0.70,CPI 10.4% above RBI's target band; IIP contracting: -0.7%; 3-month avg negative: -0.70
2005-05-01,0.003,0.227,0.093,alert,0,CPI 10.4% above RBI's target band; IIP contracting: -0.7%; 3-month avg negative: -0.70,CPI 10.4% above RBI's target band; IIP contracting: -0.7%; 3-month avg negative: -0.70
2005-06-01,0.001,0.263,0.106,alert,0,CPI 10.4% above RBI's target band; IIP contracting: -0.7%; 3-month avg negative: -0.70,CPI 10.4% above RBI's target band; IIP contracting: -0.7%; 3-month avg negative: -0.70
2005-07-01,0.001,0.204,0.082,alert,0,CPI 10.4% above RBI's target band; IIP contracting: -0.7%; 3-month avg negative: -0.70,CPI 10.4% above RBI's target band; IIP contracting: -0.7%; 3-month avg negative: -0.70
2005-08-01,0.001,0.232,0.093,alert,0,CPI 10.4% above RBI's target band; IIP contracting: -0.7%; 3-month avg negative: -0.70,CPI 10.4% above RBI's target band; IIP contracting: -0.7%; 3-month avg negative: -0.70
2005-09-01,0.002,0.173,0.07,alert,0,CPI 10.4% above RBI's target band; IIP contracting: -0.7%; 3-month avg negative: -0.70,CPI 10.4% above RBI's target band; IIP contracting: -0.7%; 3-month avg negative: -0.70
2005-10-01,0.009,0.276,0.116,alert,0,CPI 10.4% above RBI's target band; IIP contracting: -0.7%; 3-month avg negative: -0.70,CPI 10.4% above RBI's target band; IIP contracting: -0.7%; 3-month avg negative: -0.70
2005-11-01,0.005,0.299,0.123,alert,0,CPI 10.4% above RBI's target band; IIP contracting: -0.7%; 3-month avg negative: -0.70,CPI 10.4% above RBI's target band; IIP contracting: -0.7%; 3-month avg negative: -0.70
2005-12-01,0.002,0.265,0.107,alert,0,CPI 10.4% above RBI's target band; IIP contracting: -0.7%; 3-month avg negative: -0.70,CPI 10.4% above RBI's target band; IIP contracting: -0.7%; 3-month avg negative: -0.70
2006-01-01,0.002,0.204,0.083,alert,0,CPI 10.4% above RBI's target band; IIP contracting: -0.7%; 3-month avg negative: -0.70,CPI 10.4% above RBI's target band; IIP contracting: -0.7%; 3-month avg negative: -0.70
2006-02-01,0.001,0.183,0.074,alert,0,CPI 10.4% above RBI's target band; IIP contracting: -0.7%; 3-month avg negative: -0.70,CPI 10.4% above RBI's target band; IIP contracting: -0.7%; 3-month avg negative: -0.70
2006-03-01,0.001,0.238,0.095,alert,0,CPI 10.4% above RBI's target band; IIP contracting: -0.7%; 3-month avg negative: -0.70,CPI 10.4% above RBI's target band; IIP contracting: -0.7%; 3-month avg negative: -0.70
2006-04-01,0.002,0.199,0.081,alert,0,CPI 10.4% above RBI's target band; IIP contracting: -0.7%; 3-month avg negative: -0.70,CPI 10.4% above RBI's target band; IIP contracting: -0.7%; 3-month avg negative: -0.70
2006-05-01,0.003,0.367,0.149,alert,0,CPI 10.4% above RBI's target band; IIP contracting: -0.7%; 3-month avg negative: -0.70,CPI 10.4% above RBI's target band; IIP contracting: -0.7%; 3-month avg negative: -0.70
2006-06-01,0.002,0.367,0.148,alert,0,CPI 10.4% above RBI's target band; IIP contracting: -0.7%; 3-month avg negative: -0.70,CPI 10.4% above RBI's target band; IIP contracting: -0.7%; 3-month avg negative: -0.70
2006-07-01,0.004,0.245,0.101,alert,0,CPI 10.4% above RBI's target band; IIP contracting: -0.7%; 3-month avg negative: -0.70,CPI 10.4% above RBI's target band; IIP contracting: -0.7%; 3-month avg negative: -0.70
2006-08-01,0.002,0.191,0.077,alert,0,CPI 10.4% above RBI's target band; IIP contracting: -0.7%; 3-month avg negative: -0.70,CPI 10.4% above RBI's target band; IIP contracting: -0.7%; 3-month avg negative: -0.70
2006-09-01,0.002,0.161,0.066,alert,0,CPI 10.4% above RBI's target band; IIP contracting: -0.7%; 3-month avg negative: -0.70,CPI 10.4% above RBI's target band; IIP contracting: -0.7%; 3-month avg negative: -0.70
2006-10-01,0.002,0.198,0.081,alert,0,CPI 10.4% above RBI's target band; IIP contracting: -0.7%; 3-month avg negative: -0.70,CPI 10.4% above RBI's target band; IIP contracting: -0.7%; 3-month avg negative: -0.70
2006-11-01,0.001,0.213,0.086,alert,0,CPI 10.4% above RBI's target band; IIP contracting: -0.7%; 3-month avg negative: -0.70,CPI 10.4% above RBI's target band; IIP contracting: -0.7%; 3-month avg negative: -0.70
2006-12-01,0.002,0.258,0.104,alert,0,CPI 10.4% above RBI's target band; IIP contracting: -0.7%; 3-month avg negative: -0.70,CPI 10.4% above RBI's target band; IIP contracting: -0.7%; 3-month avg negative: -0.70
2007-01-01,0.002,0.233,0.094,alert,0,CPI 10.4% above RBI's target band; IIP contracting: -0.7%; 3-month avg negative: -0.70,CPI 10.4% above RBI's target band; IIP contracting: -0.7%; 3-month avg negative: -0.70
2007-02-01,0.001,0.22,0.088,alert,0,CPI 10.4% above RBI's target band; IIP contracting: -0.7%; 3-month avg negative: -0.70,CPI 10.4% above RBI's target band; IIP contracting: -0.7%; 3-month avg negative: -0.70
2007-03-01,0.001,0.22,0.089,alert,0,CPI 10.4% above RBI's target band; IIP contracting: -0.7%; 3-month avg negative: -0.70,CPI 10.4% above RBI's target band; IIP contracting: -0.7%; 3-month avg negative: -0.70
2007-04-01,0.002,0.318,0.129,alert,0,CPI 10.4% above RBI's target band; IIP contracting: -0.7%; 3-month avg negative: -0.70,CPI 10.4% above RBI's target band; IIP contracting: -0.7%; 3-month avg negative: -0.70
2007-05-01,0.003,0.257,0.104,alert,0,CPI 10.4% above RBI's target band; IIP contracting: -0.7%; 3-month avg negative: -0.70,CPI 10.4% above RBI's target band; IIP contracting: -0.7%; 3-month avg negative: -0.70
2007-06-01,0.001,0.211,0.085,alert,0,CPI 10.4% above RBI's target band; IIP contracting: -0.7%; 3-month avg negative: -0.70,CPI 10.4% above RBI's target band; IIP contracting: -0.7%; 3-month avg negative: -0.70
2007-07-01,0.001,0.182,0.073,alert,0,CPI 10.4% above RBI's target band; IIP contracting: -0.7%; 3-month avg negative: -0.70,CPI 10.4% above RBI's target band; IIP contracting: -0.7%; 3-month avg negative: -0.70
2007-08-01,0.002,0.174,0.071,alert,0,CPI 10.4% above RBI's target band; IIP contracting: -0.7%; 3-month avg negative: -0.70,CPI 10.4% above RBI's target band; IIP contracting: -0.7%; 3-month avg negative: -0.70
2007-09-01,0.001,0.208,0.084,alert,0,CPI 10.4% above RBI's target band; IIP contracting: -0.7%; 3-month avg negative: -0.70,CPI 10.4% above RBI's target band; IIP contracting: -0.7%; 3-month avg negative: -0.70
2007-10-01,0.0,0.209,0.084,alert,0,CPI 10.4% above RBI's target band; IIP contracting: -0.7%; 3-month avg negative: -0.70,CPI 10.4% above RBI's target band; IIP contracting: -0.7%; 3-month avg negative: -0.70
2007-11-01,0.001,0.197,0.079,alert,0,CPI 10.4% above RBI's target band; IIP contracting: -0.7%; 3-month avg negative: -0.70,CPI 10.4% above RBI's target band; IIP contracting: -0.7%; 3-month avg negative: -0.70
2007-12-01,0.001,0.334,0.134,alert,0,CPI 10.4% above RBI's target band; IIP contracting: -0.7%; 3-month avg negative: -0.70,CPI 10.4% above RBI's target band; IIP contracting: -0.7%; 3-month avg negative: -0.70
2008-01-01,0.001,0.39,0.157,alert,0,CPI 10.4% above RBI's target band; IIP contracting: -0.7%; 3-month avg negative: -0.70,CPI 10.4% above RBI's target band; IIP contracting: -0.7%; 3-month avg negative: -0.70
2008-02-01,0.001,0.297,0.119,alert,0,CPI 10.4% above RBI's target band; IIP contracting: -0.7%; 3-month avg negative: -0.70,CPI 10.4% above RBI's target band; IIP contracting: -0.7%; 3-month avg negative: -0.70
2008-03-01,0.002,0.336,0.135,alert,0,CPI 10.4% above RBI's target band; IIP contracting: -0.7%; 3-month avg negative: -0.70,CPI 10.4% above RBI's target band; IIP contracting: -0.7%; 3-month avg negative: -0.70
2008-04-01,0.0,0.28,0.112,alert,0,CPI 10.4% above RBI's target band; IIP contracting: -0.7%; 3-month avg negative: -0.70,CPI 10.4% above RBI's target band; IIP contracting: -0.7%; 3-month avg negative: -0.70
2008-05-01,0.001,0.358,0.144,alert,0,CPI 10.4% above RBI's target band; IIP contracting: -0.7%; 3-month avg negative: -0.70,CPI 10.4% above RBI's target band; IIP contracting: -0.7%; 3-month avg negative: -0.70
2008-06-01,0.001,0.442,0.177,alert,0,CPI 10.4% above RBI's target band; IIP contracting: -0.7%; 3-month avg negative: -0.70,CPI 10.4% above RBI's target band; IIP contracting: -0.7%; 3-month avg negative: -0.70
2008-07-01,0.001,0.414,0.166,alert,0,CPI 10.4% above RBI's target band; IIP contracting: -0.7%; 3-month avg negative: -0.70,CPI 10.4% above RBI's target band; IIP contracting: -0.7%; 3-month avg negative: -0.70
2008-08-01,0.002,0.349,0.141,alert,0,CPI 10.4% above RBI's target band; IIP contracting: -0.7%; 3-month avg negative: -0.70,CPI 10.4% above RBI's target band; IIP contracting: -0.7%; 3-month avg negative: -0.70
2008-09-01,0.001,0.382,0.153,alert,0,CPI 10.4% above RBI's target band; IIP contracting: -0.7%; 3-month avg negative: -0.70,CPI 10.4% above RBI's target band; IIP contracting: -0.7%; 3-month avg negative: -0.70
2008-10-01,0.995,0.474,0.787,alert,1,CPI 10.4% above RBI's target band; IIP contracting: -0.7%; 3-month avg negative: -0.70,CPI 10.4% above RBI's target band; IIP contracting: -0.7%; 3-month avg negative: -0.70
2008-11-01,0.998,0.475,0.789,alert,1,CPI 10.4% above RBI's target band; IIP contracting: -0.7%; 3-month avg negative: -0.70,"2008-11: elevated recession risk (P=78.9%). CPI 10.4% above RBI's target band IIP contracting: -0.7% 3-month avg negative: -0.70 India VIX elevated: 57.4 Related policy commentary: [Budget Speech 2016-02] Annexes to Part B DirectTax 40 Indirect Tax 49 Other Legislative Amendments 71 Budget 2016-2017 Speech of Arun Jaitley Minister of Finance February 29... | [Budget Speech 2017-02] retreat from globalisation of goods, services and people, as pressures for protectionism are building up. These developments have the potential to aff..."
2008-12-01,0.998,0.407,0.762,alert,1,CPI 10.4% above RBI's target band; IIP contracting: -0.7%; 3-month avg negative: -0.70,CPI 10.4% above RBI's target band; IIP contracting: -0.7%; 3-month avg negative: -0.70
2009-01-01,0.996,0.359,0.741,alert,1,CPI 10.4% above RBI's target band; IIP contracting: -0.7%; 3-month avg negative: -0.70,CPI 10.4% above RBI's target band; IIP contracting: -0.7%; 3-month avg negative: -0.70
2009-02-01,0.992,0.353,0.736,alert,1,CPI 10.4% above RBI's target band; IIP contracting: -0.7%; 3-month avg negative: -0.70,CPI 10.4% above RBI's target band; IIP contracting: -0.7%; 3-month avg negative: -0.70
2009-03-01,0.997,0.388,0.754,alert,1,CPI 10.4% above RBI's target band; IIP contracting: -0.7%; 3-month avg negative: -0.70,CPI 10.4% above RBI's target band; IIP contracting: -0.7%; 3-month avg negative: -0.70
2009-04-01,0.013,0.321,0.136,alert,0,CPI 10.4% above RBI's target band; IIP contracting: -0.7%; 3-month avg negative: -0.70,CPI 10.4% above RBI's target band; IIP contracting: -0.7%; 3-month avg negative: -0.70
2009-05-01,0.002,0.348,0.14,alert,0,CPI 10.4% above RBI's target band; IIP contracting: -0.7%; 3-month avg negative: -0.70,CPI 10.4% above RBI's target band; IIP contracting: -0.7%; 3-month avg negative: -0.70
2009-06-01,0.002,0.343,0.139,alert,0,CPI 10.4% above RBI's target band; IIP contracting: -0.7%; 3-month avg negative: -0.70,CPI 10.4% above RBI's target band; IIP contracting: -0.7%; 3-month avg negative: -0.70
2009-07-01,0.001,0.342,0.138,alert,0,CPI 10.4% above RBI's target band; IIP contracting: -0.7%; 3-month avg negative: -0.70,CPI 10.4% above RBI's target band; IIP contracting: -0.7%; 3-month avg negative: -0.70
2009-08-01,0.005,0.348,0.142,alert,0,CPI 10.4% above RBI's target band; IIP contracting: -0.7%; 3-month avg negative: -0.70,CPI 10.4% above RBI's target band; IIP contracting: -0.7%; 3-month avg negative: -0.70
2009-09-01,0.002,0.341,0.137,alert,0,CPI 10.4% above RBI's target band; IIP contracting: -0.7%; 3-month avg negative: -0.70,CPI 10.4% above RBI's target band; IIP contracting: -0.7%; 3-month avg negative: -0.70
2009-10-01,0.001,0.281,0.113,alert,0,CPI 10.4% above RBI's target band; IIP contracting: -0.7%; 3-month avg negative: -0.70,CPI 10.4% above RBI's target band; IIP contracting: -0.7%; 3-month avg negative: -0.70
2009-11-01,0.001,0.227,0.091,alert,0,CPI 10.4% above RBI's target band; IIP contracting: -0.7%; 3-month avg negative: -0.70,CPI 10.4% above RBI's target band; IIP contracting: -0.7%; 3-month avg negative: -0.70
2009-12-01,0.001,0.155,0.062,alert,0,CPI 10.4% above RBI's target band; IIP contracting: -0.7%; 3-month avg negative: -0.70,CPI 10.4% above RBI's target band; IIP contracting: -0.7%; 3-month avg negative: -0.70
2010-01-01,0.001,0.219,0.089,alert,0,CPI 10.4% above RBI's target band; IIP contracting: -0.7%; 3-month avg negative: -0.70,CPI 10.4% above RBI's target band; IIP contracting: -0.7%; 3-month avg negative: -0.70
2010-02-01,0.001,0.159,0.064,alert,0,CPI 10.4% above RBI's target band; IIP contracting: -0.7%; 3-month avg negative: -0.70,CPI 10.4% above RBI's target band; IIP contracting: -0.7%; 3-month avg negative: -0.70
2010-03-01,0.001,0.172,0.069,alert,0,CPI 10.4% above RBI's target band; IIP contracting: -0.7%; 3-month avg negative: -0.70,CPI 10.4% above RBI's target band; IIP contracting: -0.7%; 3-month avg negative: -0.70
2010-04-01,0.001,0.163,0.066,alert,0,CPI 10.4% above RBI's target band; IIP contracting: -0.7%; 3-month avg negative: -0.70,CPI 10.4% above RBI's target band; IIP contracting: -0.7%; 3-month avg negative: -0.70
2010-05-01,0.001,0.264,0.106,alert,0,CPI 10.4% above RBI's target band; IIP contracting: -0.7%; 3-month avg negative: -0.70,CPI 10.4% above RBI's target band; IIP contracting: -0.7%; 3-month avg negative: -0.70
2010-06-01,0.001,0.203,0.081,alert,0,CPI 10.4% above RBI's target band; IIP contracting: -0.7%; 3-month avg negative: -0.70,CPI 10.4% above RBI's target band; IIP contracting: -0.7%; 3-month avg negative: -0.70
2010-07-01,0.002,0.188,0.077,alert,0,CPI 10.4% above RBI's target band; IIP contracting: -0.7%; 3-month avg negative: -0.70,CPI 10.4% above RBI's target band; IIP contracting: -0.7%; 3-month avg negative: -0.70
2010-08-01,0.001,0.153,0.062,alert,0,CPI 10.4% above RBI's target band; IIP contracting: -0.7%; 3-month avg negative: -0.70,CPI 10.4% above RBI's target band; IIP contracting: -0.7%; 3-month avg negative: -0.70
2010-09-01,0.001,0.213,0.086,alert,0,CPI 10.4% above RBI's target band; IIP contracting: -0.7%; 3-month avg negative: -0.70,CPI 10.4% above RBI's target band; IIP contracting: -0.7%; 3-month avg negative: -0.70
2010-10-01,0.001,0.181,0.073,alert,0,CPI 10.4% above RBI's target band; IIP contracting: -0.7%; 3-month avg negative: -0.70,CPI 10.4% above RBI's target band; IIP contracting: -0.7%; 3-month avg negative: -0.70
2010-11-01,0.001,0.163,0.066,alert,0,CPI 10.4% above RBI's target band; IIP contracting: -0.7%; 3-month avg negative: -0.70,CPI 10.4% above RBI's target band; IIP contracting: -0.7%; 3-month avg negative: -0.70
2010-12-01,0.001,0.203,0.082,alert,0,CPI 10.4% above RBI's target band; IIP contracting: -0.7%; 3-month avg negative: -0.70,CPI 10.4% above RBI's target band; IIP contracting: -0.7%; 3-month avg negative: -0.70
2011-01-01,0.001,0.201,0.081,alert,0,CPI 10.4% above RBI's target band; IIP contracting: -0.7%; 3-month avg negative: -0.70,CPI 10.4% above RBI's target band; IIP contracting: -0.7%; 3-month avg negative: -0.70
2011-02-01,0.0,0.217,0.087,alert,0,CPI 10.4% above RBI's target band; IIP contracting: -0.7%; 3-month avg negative: -0.70,CPI 10.4% above RBI's target band; IIP contracting: -0.7%; 3-month avg negative: -0.70
2011-03-01,0.0,0.198,0.079,alert,0,CPI 10.4% above RBI's target band; IIP contracting: -0.7%; 3-month avg negative: -0.70,CPI 10.4% above RBI's target band; IIP contracting: -0.7%; 3-month avg negative: -0.70
2011-04-01,0.001,0.222,0.09,alert,0,CPI 10.4% above RBI's target band; IIP contracting: -0.7%; 3-month avg negative: -0.70,CPI 10.4% above RBI's target band; IIP contracting: -0.7%; 3-month avg negative: -0.70
2011-05-01,0.0,0.204,0.082,alert,0,CPI 10.4% above RBI's target band; IIP contracting: -0.7%; 3-month avg negative: -0.70,CPI 10.4% above RBI's target band; IIP contracting: -0.7%; 3-month avg negative: -0.70
2011-06-01,0.001,0.174,0.07,alert,0,CPI 10.4% above RBI's target band; IIP contracting: -0.7%; 3-month avg negative: -0.70,CPI 10.4% above RBI's target band; IIP contracting: -0.7%; 3-month avg negative: -0.70
2011-07-01,0.0,0.186,0.074,alert,0,CPI 10.4% above RBI's target band; IIP contracting: -0.7%; 3-month avg negative: -0.70,CPI 10.4% above RBI's target band; IIP contracting: -0.7%; 3-month avg negative: -0.70
2011-08-01,0.0,0.199,0.08,alert,0,CPI 10.4% above RBI's target band; IIP contracting: -0.7%; 3-month avg negative: -0.70,CPI 10.4% above RBI's target band; IIP contracting: -0.7%; 3-month avg negative: -0.70
2011-09-01,0.088,0.412,0.218,alert,0,CPI 10.4% above RBI's target band; IIP contracting: -0.7%; 3-month avg negative: -0.70,CPI 10.4% above RBI's target band; IIP contracting: -0.7%; 3-month avg negative: -0.70
2011-10-01,0.024,0.32,0.142,alert,0,CPI 10.4% above RBI's target band; IIP contracting: -0.7%; 3-month avg negative: -0.70,CPI 10.4% above RBI's target band; IIP contracting: -0.7%; 3-month avg negative: -0.70
2011-11-01,0.017,0.398,0.169,alert,0,CPI 10.4% above RBI's target band; IIP contracting: -0.7%; 3-month avg negative: -0.70,CPI 10.4% above RBI's target band; IIP contracting: -0.7%; 3-month avg negative: -0.70
2011-12-01,0.061,0.376,0.187,alert,0,CPI 10.4% above RBI's target band; IIP contracting: -0.7%; 3-month avg negative: -0.70,CPI 10.4% above RBI's target band; IIP contracting: -0.7%; 3-month avg negative: -0.70
2012-01-01,0.025,0.314,0.141,alert,0,CPI 10.4% above RBI's target band; IIP contracting: -0.7%; 3-month avg negative: -0.70,CPI 10.4% above RBI's target band; IIP contracting: -0.7%; 3-month avg negative: -0.70
2012-02-01,0.001,0.332,0.133,alert,0,CPI 10.4% above RBI's target band; IIP contracting: -0.7%; 3-month avg negative: -0.70,CPI 10.4% above RBI's target band; IIP contracting: -0.7%; 3-month avg negative: -0.70
2012-03-01,0.0,0.27,0.108,alert,0,CPI 10.4% above RBI's target band; IIP contracting: -0.7%; 3-month avg negative: -0.70,CPI 10.4% above RBI's target band; IIP contracting: -0.7%; 3-month avg negative: -0.70
2012-04-01,0.01,0.208,0.089,alert,0,CPI 10.4% above RBI's target band; IIP contracting: -0.7%; 3-month avg negative: -0.70,CPI 10.4% above RBI's target band; IIP contracting: -0.7%; 3-month avg negative: -0.70
2012-05-01,0.012,0.33,0.139,alert,0,CPI 10.4% above RBI's target band; India VIX elevated: 25.2; Rupee depreciating fast: 14.6% (3m),CPI 10.4% above RBI's target band; India VIX elevated: 25.2; Rupee depreciating fast: 14.6% (3m)
2012-06-01,0.004,0.26,0.107,alert,0,"CPI 10.4% above RBI's target band; Rupee depreciating fast: 9.1% (3m); Feature pattern far outside normal range (AE pct=0.95, Mahalanobis pct=0.91)","CPI 10.4% above RBI's target band; Rupee depreciating fast: 9.1% (3m); Feature pattern far outside normal range (AE pct=0.95, Mahalanobis pct=0.91)"
2012-07-01,0.221,0.256,0.235,alert,0,"CPI 9.9% above RBI's target band; Rupee depreciating fast: 5.5% (3m); Feature pattern far outside normal range (AE pct=0.97, Mahalanobis pct=0.84)","CPI 9.9% above RBI's target band; Rupee depreciating fast: 5.5% (3m); Feature pattern far outside normal range (AE pct=0.97, Mahalanobis pct=0.84)"
2012-08-01,0.118,0.254,0.172,alert,0,"CPI 9.9% above RBI's target band; IIP contracting: -0.1%; Feature pattern far outside normal range (AE pct=0.90, Mahalanobis pct=0.85)","CPI 9.9% above RBI's target band; IIP contracting: -0.1%; Feature pattern far outside normal range (AE pct=0.90, Mahalanobis pct=0.85)"
2012-09-01,0.0,0.255,0.102,alert,0,"CPI 9.9% above RBI's target band; IIP contracting: -1.0%; Feature pattern far outside normal range (AE pct=0.88, Mahalanobis pct=0.88)","CPI 9.9% above RBI's target band; IIP contracting: -1.0%; Feature pattern far outside normal range (AE pct=0.88, Mahalanobis pct=0.88)"
2012-10-01,0.003,0.212,0.086,alert,0,"CPI 9.8% above RBI's target band; Feature pattern far outside normal range (AE pct=0.95, Mahalanobis pct=0.95)","CPI 9.8% above RBI's target band; Feature pattern far outside normal range (AE pct=0.95, Mahalanobis pct=0.95)"
2012-11-01,0.001,0.258,0.104,alert,0,"CPI 9.8% above RBI's target band; IIP contracting: -1.7%; Feature pattern far outside normal range (AE pct=0.92, Mahalanobis pct=0.88)","CPI 9.8% above RBI's target band; IIP contracting: -1.7%; Feature pattern far outside normal range (AE pct=0.92, Mahalanobis pct=0.88)"
2012-12-01,0.001,0.198,0.08,alert,0,"CPI 9.8% above RBI's target band; Feature pattern far outside normal range (AE pct=0.82, Mahalanobis pct=0.91)","CPI 9.8% above RBI's target band; Feature pattern far outside normal range (AE pct=0.82, Mahalanobis pct=0.91)"
2013-01-01,0.0,0.24,0.096,alert,0,"CPI 10.8% above RBI's target band; Inflation accelerating +1.04% (3m); Feature pattern moderately unusual (AE pct=0.73, Mahalanobis pct=0.96)","CPI 10.8% above RBI's target band; Inflation accelerating +1.04% (3m); Feature pattern moderately unusual (AE pct=0.73, Mahalanobis pct=0.96)"
2013-02-01,0.001,0.247,0.1,alert,0,"CPI 10.8% above RBI's target band; Inflation accelerating +1.04% (3m); Feature pattern far outside normal range (AE pct=0.79, Mahalanobis pct=0.99)","CPI 10.8% above RBI's target band; Inflation accelerating +1.04% (3m); Feature pattern far outside normal range (AE pct=0.79, Mahalanobis pct=0.99)"
2013-03-01,0.119,0.254,0.173,alert,0,"CPI 10.8% above RBI's target band; Inflation accelerating +1.04% (3m); Feature pattern far outside normal range (AE pct=0.86, Mahalanobis pct=1.00)","CPI 10.8% above RBI's target band; Inflation accelerating +1.04% (3m); Feature pattern far outside normal range (AE pct=0.86, Mahalanobis pct=1.00)"
2013-04-01,0.003,0.193,0.079,alert,0,"CPI 9.4% above RBI's target band; Feature pattern moderately unusual (AE pct=0.80, Mahalanobis pct=0.86)","CPI 9.4% above RBI's target band; Feature pattern moderately unusual (AE pct=0.80, Mahalanobis pct=0.86)"
2013-05-01,0.071,0.179,0.114,alert,0,"CPI 9.4% above RBI's target band; Feature pattern moderately unusual (AE pct=0.87, Mahalanobis pct=0.62)","CPI 9.4% above RBI's target band; Feature pattern moderately unusual (AE pct=0.87, Mahalanobis pct=0.62)"
2013-06-01,0.997,0.291,0.714,alert,1,CPI 9.4% above RBI's target band; IIP contracting: -1.0%; Rupee depreciating fast: 9.7% (3m),"2013-06: elevated recession risk (P=71.4%). CPI 9.4% above RBI's target band IIP contracting: -1.0% Rupee depreciating fast: 9.7% (3m) Feature pattern moderately unusual (AE pct=0.90, Mahalanobis pct=0.67) Related policy commentary: [Budget Speech 2017-02] retreat from globalisation of goods, services and people, as pressures for protectionism are building up. These developments have the potential to aff... | [Budget Speech 2016-02] Annexes to Part B DirectTax 40 Indirect Tax 49 Other Legislative Amendments 71 Budget 2016-2017 Speech of Arun Jaitley Minister of Finance February 29..."
2013-07-01,0.996,0.245,0.696,alert,1,"CPI 9.6% above RBI's target band; Rupee depreciating fast: 12.1% (3m); Feature pattern moderately unusual (AE pct=0.91, Mahalanobis pct=0.78)","CPI 9.6% above RBI's target band; Rupee depreciating fast: 12.1% (3m); Feature pattern moderately unusual (AE pct=0.91, Mahalanobis pct=0.78)"
2013-08-01,0.88,0.334,0.662,alert,1,CPI 9.6% above RBI's target band; India VIX elevated: 27.8; Rupee depreciating fast: 16.5% (3m),CPI 9.6% above RBI's target band; India VIX elevated: 27.8; Rupee depreciating fast: 16.5% (3m)
2013-09-01,0.933,0.317,0.687,alert,1,CPI 9.6% above RBI's target band; India VIX elevated: 26.6; Rupee depreciating fast: 5.7% (3m),CPI 9.6% above RBI's target band; India VIX elevated: 26.6; Rupee depreciating fast: 5.7% (3m)
2013-10-01,0.002,0.166,0.068,alert,0,"CPI 10.1% above RBI's target band; Feature pattern moderately unusual (AE pct=0.76, Mahalanobis pct=0.56)","CPI 10.1% above RBI's target band; Feature pattern moderately unusual (AE pct=0.76, Mahalanobis pct=0.56)"
2013-11-01,0.004,0.208,0.085,alert,0,"CPI 10.1% above RBI's target band; Feature pattern far outside normal range (AE pct=0.99, Mahalanobis pct=0.86)","CPI 10.1% above RBI's target band; Feature pattern far outside normal range (AE pct=0.99, Mahalanobis pct=0.86)"
2013-12-01,0.002,0.204,0.083,alert,0,"CPI 10.1% above RBI's target band; Feature pattern far outside normal range (AE pct=0.91, Mahalanobis pct=0.89)","CPI 10.1% above RBI's target band; Feature pattern far outside normal range (AE pct=0.91, Mahalanobis pct=0.89)"
2014-01-01,0.01,0.189,0.081,alert,0,"CPI 8.8% above RBI's target band; Feature pattern moderately unusual (AE pct=0.88, Mahalanobis pct=0.73)","CPI 8.8% above RBI's target band; Feature pattern moderately unusual (AE pct=0.88, Mahalanobis pct=0.73)"
2014-02-01,0.001,0.21,0.085,alert,0,"CPI 8.8% above RBI's target band; Feature pattern far outside normal range (AE pct=0.96, Mahalanobis pct=0.92)","CPI 8.8% above RBI's target band; Feature pattern far outside normal range (AE pct=0.96, Mahalanobis pct=0.92)"
2014-03-01,0.004,0.212,0.087,alert,0,"CPI 8.8% above RBI's target band; Feature pattern far outside normal range (AE pct=0.96, Mahalanobis pct=0.94)","CPI 8.8% above RBI's target band; Feature pattern far outside normal range (AE pct=0.96, Mahalanobis pct=0.94)"
2014-04-01,0.003,0.281,0.114,alert,0,"CPI 8.3% above RBI's target band; India VIX elevated: 30.6; Feature pattern far outside normal range (AE pct=0.98, Mahalanobis pct=0.94)","CPI 8.3% above RBI's target band; India VIX elevated: 30.6; Feature pattern far outside normal range (AE pct=0.98, Mahalanobis pct=0.94)"
2014-05-01,0.001,0.195,0.079,alert,0,"CPI 8.3% above RBI's target band; Feature pattern moderately unusual (AE pct=0.86, Mahalanobis pct=0.83)","CPI 8.3% above RBI's target band; Feature pattern moderately unusual (AE pct=0.86, Mahalanobis pct=0.83)"
2014-06-01,0.002,0.201,0.081,alert,0,"CPI 8.3% above RBI's target band; Feature pattern far outside normal range (AE pct=0.92, Mahalanobis pct=0.83)","CPI 8.3% above RBI's target band; Feature pattern far outside normal range (AE pct=0.92, Mahalanobis pct=0.83)"
2014-07-01,0.001,0.189,0.076,alert,0,"CPI 7.2% above RBI's target band; Feature pattern moderately unusual (AE pct=0.82, Mahalanobis pct=0.79)","CPI 7.2% above RBI's target band; Feature pattern moderately unusual (AE pct=0.82, Mahalanobis pct=0.79)"
2014-08-01,0.006,0.147,0.062,alert,0,CPI 7.2% above RBI's target band; Feature pattern typical of normal months,CPI 7.2% above RBI's target band; Feature pattern typical of normal months
2014-09-01,0.009,0.171,0.073,alert,0,"CPI 7.2% above RBI's target band; Feature pattern moderately unusual (AE pct=0.83, Mahalanobis pct=0.55)","CPI 7.2% above RBI's target band; Feature pattern moderately unusual (AE pct=0.83, Mahalanobis pct=0.55)"
2014-10-01,0.019,0.097,0.05,alert,0,Feature pattern typical of normal months,Feature pattern typical of normal months
2014-11-01,0.01,0.119,0.054,alert,0,"Feature pattern moderately unusual (AE pct=0.83, Mahalanobis pct=0.66)","Feature pattern moderately unusual (AE pct=0.83, Mahalanobis pct=0.66)"
2014-12-01,0.032,0.109,0.063,alert,0,"Feature pattern moderately unusual (AE pct=0.68, Mahalanobis pct=0.68)","Feature pattern moderately unusual (AE pct=0.68, Mahalanobis pct=0.68)"
2015-01-01,0.012,0.106,0.049,alert,0,"Feature pattern moderately unusual (AE pct=0.58, Mahalanobis pct=0.75)","Feature pattern moderately unusual (AE pct=0.58, Mahalanobis pct=0.75)"
2015-02-01,0.006,0.111,0.048,alert,0,"Feature pattern moderately unusual (AE pct=0.61, Mahalanobis pct=0.78)","Feature pattern moderately unusual (AE pct=0.61, Mahalanobis pct=0.78)"
2015-03-01,0.004,0.119,0.05,alert,0,"Feature pattern moderately unusual (AE pct=0.70, Mahalanobis pct=0.79)","Feature pattern moderately unusual (AE pct=0.70, Mahalanobis pct=0.79)"
2015-04-01,0.004,0.145,0.06,alert,0,"Feature pattern far outside normal range (AE pct=0.86, Mahalanobis pct=0.95)","Feature pattern far outside normal range (AE pct=0.86, Mahalanobis pct=0.95)"
2015-05-01,0.016,0.139,0.065,alert,0,"Feature pattern far outside normal range (AE pct=0.85, Mahalanobis pct=0.89)","Feature pattern far outside normal range (AE pct=0.85, Mahalanobis pct=0.89)"
2015-06-01,0.014,0.136,0.063,alert,0,"Feature pattern far outside normal range (AE pct=0.84, Mahalanobis pct=0.86)","Feature pattern far outside normal range (AE pct=0.84, Mahalanobis pct=0.86)"
2015-07-01,0.014,0.148,0.067,alert,0,"Feature pattern far outside normal range (AE pct=0.96, Mahalanobis pct=0.88)","Feature pattern far outside normal range (AE pct=0.96, Mahalanobis pct=0.88)"
2015-08-01,0.003,0.14,0.058,alert,0,"Feature pattern far outside normal range (AE pct=0.90, Mahalanobis pct=0.85)","Feature pattern far outside normal range (AE pct=0.90, Mahalanobis pct=0.85)"
2015-09-01,0.012,0.138,0.062,alert,0,"Feature pattern far outside normal range (AE pct=0.89, Mahalanobis pct=0.83)","Feature pattern far outside normal range (AE pct=0.89, Mahalanobis pct=0.83)"
2015-10-01,0.004,0.256,0.105,alert,0,"Inflation accelerating +1.31% (3m); Emergency rate cut: -0.75%; Feature pattern far outside normal range (AE pct=1.00, Mahalanobis pct=1.00)","Inflation accelerating +1.31% (3m); Emergency rate cut: -0.75%; Feature pattern far outside normal range (AE pct=1.00, Mahalanobis pct=1.00)"
2015-11-01,0.004,0.203,0.084,alert,0,"Inflation accelerating +1.31% (3m); Feature pattern far outside normal range (AE pct=1.00, Mahalanobis pct=0.98)","Inflation accelerating +1.31% (3m); Feature pattern far outside normal range (AE pct=1.00, Mahalanobis pct=0.98)"
2015-12-01,0.002,0.202,0.082,alert,0,"Inflation accelerating +1.31% (3m); Feature pattern far outside normal range (AE pct=0.98, Mahalanobis pct=0.98)","Inflation accelerating +1.31% (3m); Feature pattern far outside normal range (AE pct=0.98, Mahalanobis pct=0.98)"
2016-01-01,0.004,0.158,0.066,alert,0,"Feature pattern far outside normal range (AE pct=1.00, Mahalanobis pct=0.98)","Feature pattern far outside normal range (AE pct=1.00, Mahalanobis pct=0.98)"
2016-02-01,0.004,0.209,0.086,alert,0,"Nifty 50 selloff: -11.9% (3m); Feature pattern far outside normal range (AE pct=1.00, Mahalanobis pct=0.98)","Nifty 50 selloff: -11.9% (3m); Feature pattern far outside normal range (AE pct=1.00, Mahalanobis pct=0.98)"
2016-03-01,0.001,0.158,0.064,alert,0,"Feature pattern far outside normal range (AE pct=1.00, Mahalanobis pct=0.98)","Feature pattern far outside normal range (AE pct=1.00, Mahalanobis pct=0.98)"
2016-04-01,0.022,0.132,0.066,alert,0,"Feature pattern moderately unusual (AE pct=0.83, Mahalanobis pct=0.82)","Feature pattern moderately unusual (AE pct=0.83, Mahalanobis pct=0.82)"
2016-05-01,0.001,0.159,0.064,alert,0,"Feature pattern far outside normal range (AE pct=1.00, Mahalanobis pct=0.98)","Feature pattern far outside normal range (AE pct=1.00, Mahalanobis pct=0.98)"
2016-06-01,0.001,0.134,0.054,alert,0,"Feature pattern moderately unusual (AE pct=0.82, Mahalanobis pct=0.86)","Feature pattern moderately unusual (AE pct=0.82, Mahalanobis pct=0.86)"
2016-07-01,0.0,0.203,0.081,alert,0,"CPI 6.1% above RBI's target band; Feature pattern far outside normal range (AE pct=0.93, Mahalanobis pct=0.86)","CPI 6.1% above RBI's target band; Feature pattern far outside normal range (AE pct=0.93, Mahalanobis pct=0.86)"
2016-08-01,0.001,0.201,0.081,alert,0,"CPI 6.1% above RBI's target band; Feature pattern far outside normal range (AE pct=0.90, Mahalanobis pct=0.86)","CPI 6.1% above RBI's target band; Feature pattern far outside normal range (AE pct=0.90, Mahalanobis pct=0.86)"
2016-09-01,0.001,0.197,0.079,alert,0,"CPI 6.1% above RBI's target band; Feature pattern far outside normal range (AE pct=0.86, Mahalanobis pct=0.85)","CPI 6.1% above RBI's target band; Feature pattern far outside normal range (AE pct=0.86, Mahalanobis pct=0.85)"
2016-10-01,0.002,0.131,0.054,alert,0,"Feature pattern moderately unusual (AE pct=0.79, Mahalanobis pct=0.85)","Feature pattern moderately unusual (AE pct=0.79, Mahalanobis pct=0.85)"
2016-11-01,0.957,0.133,0.628,alert,1,"Feature pattern moderately unusual (AE pct=0.80, Mahalanobis pct=0.86)","Feature pattern moderately unusual (AE pct=0.80, Mahalanobis pct=0.86)"
2016-12-01,0.951,0.134,0.625,alert,1,"Feature pattern moderately unusual (AE pct=0.82, Mahalanobis pct=0.86)","Feature pattern moderately unusual (AE pct=0.82, Mahalanobis pct=0.86)"
2017-01-01,0.969,0.139,0.637,alert,1,"Feature pattern far outside normal range (AE pct=0.83, Mahalanobis pct=0.90)","2017-01: elevated recession risk (P=63.7%). Feature pattern far outside normal range (AE pct=0.83, Mahalanobis pct=0.90) Related policy commentary: [Economic Survey 2026-01] the immature mind settles for Preya. In other words, the country stands to gain immensely when all of us embrace delayed gratification. The global env... | [Budget Speech 2017-02] billion US Dollars as on 20th January, 5 2017, which represents a comfortable cover for about 12 months of imports. 8. The Government has also continu..."
2017-02-01,0.954,0.152,0.633,alert,1,"Feature pattern far outside normal range (AE pct=0.94, Mahalanobis pct=0.96)","Feature pattern far outside normal range (AE pct=0.94, Mahalanobis pct=0.96)"
2017-03-01,0.003,0.152,0.063,alert,0,"Feature pattern far outside normal range (AE pct=0.94, Mahalanobis pct=0.96)","Feature pattern far outside normal range (AE pct=0.94, Mahalanobis pct=0.96)"
2017-04-01,0.001,0.152,0.061,alert,0,"Feature pattern far outside normal range (AE pct=0.93, Mahalanobis pct=0.96)","Feature pattern far outside normal range (AE pct=0.93, Mahalanobis pct=0.96)"
2017-05-01,0.002,0.145,0.06,alert,0,"Feature pattern far outside normal range (AE pct=0.86, Mahalanobis pct=0.95)","Feature pattern far outside normal range (AE pct=0.86, Mahalanobis pct=0.95)"
2017-06-01,0.003,0.202,0.083,alert,0,"IIP contracting: -0.3%; Feature pattern far outside normal range (AE pct=0.91, Mahalanobis pct=0.95)","IIP contracting: -0.3%; Feature pattern far outside normal range (AE pct=0.91, Mahalanobis pct=0.95)"
2017-07-01,0.003,0.145,0.06,alert,0,"Feature pattern far outside normal range (AE pct=0.91, Mahalanobis pct=0.91)","Feature pattern far outside normal range (AE pct=0.91, Mahalanobis pct=0.91)"
2017-08-01,0.002,0.157,0.064,alert,0,"Feature pattern far outside normal range (AE pct=1.00, Mahalanobis pct=0.96)","Feature pattern far outside normal range (AE pct=1.00, Mahalanobis pct=0.96)"
2017-09-01,0.003,0.151,0.062,alert,0,"Feature pattern far outside normal range (AE pct=0.93, Mahalanobis pct=0.95)","Feature pattern far outside normal range (AE pct=0.93, Mahalanobis pct=0.95)"
2017-10-01,0.003,0.195,0.08,alert,0,"Inflation accelerating +1.22% (3m); Feature pattern far outside normal range (AE pct=0.94, Mahalanobis pct=0.93)","Inflation accelerating +1.22% (3m); Feature pattern far outside normal range (AE pct=0.94, Mahalanobis pct=0.93)"
2017-11-01,0.002,0.195,0.079,alert,0,"Inflation accelerating +1.22% (3m); Feature pattern far outside normal range (AE pct=0.91, Mahalanobis pct=0.96)","Inflation accelerating +1.22% (3m); Feature pattern far outside normal range (AE pct=0.91, Mahalanobis pct=0.96)"
2017-12-01,0.002,0.205,0.083,alert,0,"Inflation accelerating +1.22% (3m); Feature pattern far outside normal range (AE pct=1.00, Mahalanobis pct=1.00)","Inflation accelerating +1.22% (3m); Feature pattern far outside normal range (AE pct=1.00, Mahalanobis pct=1.00)"
2018-01-01,0.001,0.204,0.082,alert,0,"Inflation accelerating +1.49% (3m); Feature pattern far outside normal range (AE pct=1.00, Mahalanobis pct=0.99)","Inflation accelerating +1.49% (3m); Feature pattern far outside normal range (AE pct=1.00, Mahalanobis pct=0.99)"
2018-02-01,0.001,0.202,0.081,alert,0,"Inflation accelerating +1.49% (3m); Feature pattern far outside normal range (AE pct=0.99, Mahalanobis pct=0.97)","Inflation accelerating +1.49% (3m); Feature pattern far outside normal range (AE pct=0.99, Mahalanobis pct=0.97)"
2018-03-01,0.001,0.187,0.075,alert,0,"Inflation accelerating +1.49% (3m); Feature pattern far outside normal range (AE pct=0.82, Mahalanobis pct=0.95)","Inflation accelerating +1.49% (3m); Feature pattern far outside normal range (AE pct=0.82, Mahalanobis pct=0.95)"
2018-04-01,0.001,0.159,0.064,alert,0,"Feature pattern far outside normal range (AE pct=1.00, Mahalanobis pct=0.99)","Feature pattern far outside normal range (AE pct=1.00, Mahalanobis pct=0.99)"
2018-05-01,0.002,0.154,0.063,alert,0,"Feature pattern far outside normal range (AE pct=0.94, Mahalanobis pct=0.99)","Feature pattern far outside normal range (AE pct=0.94, Mahalanobis pct=0.99)"
2018-06-01,0.008,0.199,0.084,alert,0,"Rupee depreciating fast: 5.7% (3m); Feature pattern far outside normal range (AE pct=0.86, Mahalanobis pct=0.99)","Rupee depreciating fast: 5.7% (3m); Feature pattern far outside normal range (AE pct=0.86, Mahalanobis pct=0.99)"
2018-07-01,0.003,0.159,0.065,alert,0,"Feature pattern far outside normal range (AE pct=1.00, Mahalanobis pct=0.99)","Feature pattern far outside normal range (AE pct=1.00, Mahalanobis pct=0.99)"
2018-08-01,0.001,0.211,0.085,alert,0,"Rupee depreciating fast: 5.9% (3m); Feature pattern far outside normal range (AE pct=1.00, Mahalanobis pct=0.99)","Rupee depreciating fast: 5.9% (3m); Feature pattern far outside normal range (AE pct=1.00, Mahalanobis pct=0.99)"
2018-09-01,0.002,0.211,0.086,alert,0,"Rupee depreciating fast: 5.4% (3m); Feature pattern far outside normal range (AE pct=1.00, Mahalanobis pct=0.99)","Rupee depreciating fast: 5.4% (3m); Feature pattern far outside normal range (AE pct=1.00, Mahalanobis pct=0.99)"
2018-10-01,0.776,0.211,0.55,alert,0,"Rupee depreciating fast: 7.2% (3m); Feature pattern far outside normal range (AE pct=1.00, Mahalanobis pct=0.99)","Rupee depreciating fast: 7.2% (3m); Feature pattern far outside normal range (AE pct=1.00, Mahalanobis pct=0.99)"
2018-11-01,0.506,0.16,0.367,alert,0,"Feature pattern far outside normal range (AE pct=1.00, Mahalanobis pct=0.99)","Feature pattern far outside normal range (AE pct=1.00, Mahalanobis pct=0.99)"
2018-12-01,0.652,0.16,0.455,alert,0,"Feature pattern far outside normal range (AE pct=1.00, Mahalanobis pct=0.99)","Feature pattern far outside normal range (AE pct=1.00, Mahalanobis pct=0.99)"
2019-01-01,0.937,0.158,0.625,alert,0,"Feature pattern far outside normal range (AE pct=1.00, Mahalanobis pct=0.98)","Feature pattern far outside normal range (AE pct=1.00, Mahalanobis pct=0.98)"
2019-02-01,0.955,0.151,0.633,alert,0,"Feature pattern far outside normal range (AE pct=0.98, Mahalanobis pct=0.91)","Feature pattern far outside normal range (AE pct=0.98, Mahalanobis pct=0.91)"
2019-03-01,0.005,0.155,0.065,alert,0,"Feature pattern far outside normal range (AE pct=0.98, Mahalanobis pct=0.95)","Feature pattern far outside normal range (AE pct=0.98, Mahalanobis pct=0.95)"
2019-04-01,0.01,0.151,0.067,alert,0,"Feature pattern far outside normal range (AE pct=0.95, Mahalanobis pct=0.94)","Feature pattern far outside normal range (AE pct=0.95, Mahalanobis pct=0.94)"
2019-05-01,0.001,0.16,0.065,alert,0,"Feature pattern far outside normal range (AE pct=1.00, Mahalanobis pct=1.00)","Feature pattern far outside normal range (AE pct=1.00, Mahalanobis pct=1.00)"
2019-06-01,0.002,0.157,0.064,alert,0,"Feature pattern far outside normal range (AE pct=0.99, Mahalanobis pct=0.97)","Feature pattern far outside normal range (AE pct=0.99, Mahalanobis pct=0.97)"
2019-07-01,0.001,0.159,0.064,alert,1,"Feature pattern far outside normal range (AE pct=1.00, Mahalanobis pct=0.99)","Feature pattern far outside normal range (AE pct=1.00, Mahalanobis pct=0.99)"
2019-08-01,0.009,0.213,0.09,alert,1,"IIP contracting: -1.4%; Feature pattern far outside normal range (AE pct=1.00, Mahalanobis pct=0.99)","IIP contracting: -1.4%; Feature pattern far outside normal range (AE pct=1.00, Mahalanobis pct=0.99)"
2019-09-01,0.832,0.249,0.599,alert,1,"IIP contracting: -4.6%; 3-month avg negative: -0.37; Feature pattern far outside normal range (AE pct=1.00, Mahalanobis pct=0.99)","IIP contracting: -4.6%; 3-month avg negative: -0.37; Feature pattern far outside normal range (AE pct=1.00, Mahalanobis pct=0.99)"
2019-10-01,0.782,0.33,0.601,alert,1,Inflation accelerating +1.47% (3m); IIP collapsed: -6.6%; 3-month avg negative: -4.20,"2019-10: elevated recession risk (P=60.1%). Inflation accelerating +1.47% (3m) IIP collapsed: -6.6% 3-month avg negative: -4.20 Feature pattern far outside normal range (AE pct=1.00, Mahalanobis pct=0.99) Related policy commentary: [MPC Statement 2020-03] which showed the current account having moved to near balance in Q3:2019-20 with a deficit of only 0.2 per cent of GDP. On the financing side, net FDI... | [Budget Speech 2017-02] retreat from globalisation of goods, services and people, as pressures for protectionism are building up. These developments have the potential to aff..."
2019-11-01,0.447,0.241,0.365,alert,1,"Inflation accelerating +1.47% (3m); 3-month avg negative: -3.03; Feature pattern far outside normal range (AE pct=1.00, Mahalanobis pct=0.99)","Inflation accelerating +1.47% (3m); 3-month avg negative: -3.03; Feature pattern far outside normal range (AE pct=1.00, Mahalanobis pct=0.99)"
2019-12-01,0.012,0.241,0.103,alert,0,"Inflation accelerating +1.47% (3m); 3-month avg negative: -1.37; Feature pattern far outside normal range (AE pct=1.00, Mahalanobis pct=0.99)","Inflation accelerating +1.47% (3m); 3-month avg negative: -1.37; Feature pattern far outside normal range (AE pct=1.00, Mahalanobis pct=0.99)"
2020-01-01,0.004,0.264,0.108,alert,0,"CPI 7.6% above RBI's target band; Inflation accelerating +2.97% (3m); Feature pattern far outside normal range (AE pct=1.00, Mahalanobis pct=0.99)","CPI 7.6% above RBI's target band; Inflation accelerating +2.97% (3m); Feature pattern far outside normal range (AE pct=1.00, Mahalanobis pct=0.99)"
2020-02-01,0.025,0.264,0.121,alert,0,"CPI 7.6% above RBI's target band; Inflation accelerating +2.97% (3m); Feature pattern far outside normal range (AE pct=1.00, Mahalanobis pct=0.99)","CPI 7.6% above RBI's target band; Inflation accelerating +2.97% (3m); Feature pattern far outside normal range (AE pct=1.00, Mahalanobis pct=0.99)"
2020-03-01,0.937,0.612,0.807,alert,1,CPI 7.6% above RBI's target band; Inflation accelerating +2.97% (3m); IIP collapsed: -18.7%,"2020-03: elevated recession risk (P=80.7%). CPI 7.6% above RBI's target band Inflation accelerating +2.97% (3m) IIP collapsed: -18.7% 3-month avg negative: -3.77 Related policy commentary: [RBI Governor Statement 2021-04] Taking into consideration all these factors, the projection for CPI inflation has been revised to 5.0 per cent in Q4:2020-21; 5.2 per cent in Q1:2021-... | [Budget Speech 2020-02] of a few individuals cornering most of the benefits and was appreciated by the people. This had immensely positive outcomes. We have moved on from a g..."
2020-04-01,0.824,0.652,0.755,alert,1,CPI 7.2% above RBI's target band; IIP collapsed: -57.3%; 3-month avg negative: -23.60,CPI 7.2% above RBI's target band; IIP collapsed: -57.3%; 3-month avg negative: -23.60
2020-05-01,0.879,0.55,0.747,alert,1,CPI 7.2% above RBI's target band; IIP collapsed: -33.4%; 3-month avg negative: -36.47,CPI 7.2% above RBI's target band; IIP collapsed: -33.4%; 3-month avg negative: -36.47
2020-06-01,0.896,0.499,0.737,alert,1,CPI 7.2% above RBI's target band; IIP collapsed: -16.6%; 3-month avg negative: -35.77,CPI 7.2% above RBI's target band; IIP collapsed: -16.6%; 3-month avg negative: -35.77
2020-07-01,0.622,0.431,0.545,alert,1,CPI 6.9% above RBI's target band; IIP collapsed: -10.5%; 3-month avg negative: -20.17,CPI 6.9% above RBI's target band; IIP collapsed: -10.5%; 3-month avg negative: -20.17
2020-08-01,0.018,0.431,0.183,alert,1,CPI 6.9% above RBI's target band; IIP collapsed: -7.1%; 3-month avg negative: -11.40,CPI 6.9% above RBI's target band; IIP collapsed: -7.1%; 3-month avg negative: -11.40
2020-09-01,0.001,0.341,0.137,alert,1,CPI 6.9% above RBI's target band; 3-month avg negative: -5.53; Repo rate at historic low: 4.00%,CPI 6.9% above RBI's target band; 3-month avg negative: -5.53; Repo rate at historic low: 4.00%
2020-10-01,0.004,0.34,0.138,alert,1,CPI 7.6% above RBI's target band; 3-month avg negative: -0.53; Repo rate at historic low: 4.00%,CPI 7.6% above RBI's target band; 3-month avg negative: -0.53; Repo rate at historic low: 4.00%
2020-11-01,0.003,0.358,0.145,alert,0,CPI 7.6% above RBI's target band; IIP contracting: -1.6%; Repo rate at historic low: 4.00%,CPI 7.6% above RBI's target band; IIP contracting: -1.6%; Repo rate at historic low: 4.00%
2020-12-01,0.004,0.3,0.122,alert,0,CPI 7.6% above RBI's target band; Repo rate at historic low: 4.00%; MPC tone negative: sentiment=-0.359,CPI 7.6% above RBI's target band; Repo rate at historic low: 4.00%; MPC tone negative: sentiment=-0.359
2021-01-01,0.015,0.367,0.156,alert,0,IIP contracting: -0.6%; Repo rate at historic low: 4.00%; MPC tone negative: sentiment=-0.359,IIP contracting: -0.6%; Repo rate at historic low: 4.00%; MPC tone negative: sentiment=-0.359
2021-02-01,0.009,0.352,0.146,alert,0,IIP contracting: -3.2%; 3-month avg negative: -0.53; Repo rate at historic low: 4.00%,IIP contracting: -3.2%; 3-month avg negative: -0.53; Repo rate at historic low: 4.00%
2021-03-01,0.003,0.194,0.08,alert,0,"Repo rate at historic low: 4.00%; Feature pattern far outside normal range (AE pct=1.00, Mahalanobis pct=1.00)","Repo rate at historic low: 4.00%; Feature pattern far outside normal range (AE pct=1.00, Mahalanobis pct=1.00)"
2021-04-01,0.001,0.194,0.078,alert,0,"Repo rate at historic low: 4.00%; Feature pattern far outside normal range (AE pct=1.00, Mahalanobis pct=1.00)","Repo rate at historic low: 4.00%; Feature pattern far outside normal range (AE pct=1.00, Mahalanobis pct=1.00)"
2021-05-01,0.001,0.194,0.078,alert,0,"Repo rate at historic low: 4.00%; Feature pattern far outside normal range (AE pct=1.00, Mahalanobis pct=1.00)","Repo rate at historic low: 4.00%; Feature pattern far outside normal range (AE pct=1.00, Mahalanobis pct=1.00)"
2021-06-01,0.001,0.194,0.078,alert,0,"Repo rate at historic low: 4.00%; Feature pattern far outside normal range (AE pct=1.00, Mahalanobis pct=1.00)","Repo rate at historic low: 4.00%; Feature pattern far outside normal range (AE pct=1.00, Mahalanobis pct=1.00)"
2021-07-01,0.002,0.239,0.097,alert,0,"Inflation accelerating +1.30% (3m); Repo rate at historic low: 4.00%; Feature pattern far outside normal range (AE pct=1.00, Mahalanobis pct=1.00)","Inflation accelerating +1.30% (3m); Repo rate at historic low: 4.00%; Feature pattern far outside normal range (AE pct=1.00, Mahalanobis pct=1.00)"
2021-08-01,0.001,0.239,0.096,alert,0,"Inflation accelerating +1.30% (3m); Repo rate at historic low: 4.00%; Feature pattern far outside normal range (AE pct=1.00, Mahalanobis pct=1.00)","Inflation accelerating +1.30% (3m); Repo rate at historic low: 4.00%; Feature pattern far outside normal range (AE pct=1.00, Mahalanobis pct=1.00)"
2021-09-01,0.001,0.239,0.096,alert,0,"Inflation accelerating +1.30% (3m); Repo rate at historic low: 4.00%; Feature pattern far outside normal range (AE pct=1.00, Mahalanobis pct=1.00)","Inflation accelerating +1.30% (3m); Repo rate at historic low: 4.00%; Feature pattern far outside normal range (AE pct=1.00, Mahalanobis pct=1.00)"
2021-10-01,0.016,0.194,0.087,alert,0,"Repo rate at historic low: 4.00%; Feature pattern far outside normal range (AE pct=1.00, Mahalanobis pct=1.00)","Repo rate at historic low: 4.00%; Feature pattern far outside normal range (AE pct=1.00, Mahalanobis pct=1.00)"
2021-11-01,0.013,0.194,0.085,alert,0,"Repo rate at historic low: 4.00%; Feature pattern far outside normal range (AE pct=1.00, Mahalanobis pct=1.00)","Repo rate at historic low: 4.00%; Feature pattern far outside normal range (AE pct=1.00, Mahalanobis pct=1.00)"
2021-12-01,0.007,0.194,0.082,alert,0,"Repo rate at historic low: 4.00%; Feature pattern far outside normal range (AE pct=1.00, Mahalanobis pct=1.00)","Repo rate at historic low: 4.00%; Feature pattern far outside normal range (AE pct=1.00, Mahalanobis pct=1.00)"
2022-01-01,0.003,0.299,0.121,alert,0,CPI 6.0% above RBI's target band; Inflation accelerating +1.53% (3m); Repo rate at historic low: 4.00%,CPI 6.0% above RBI's target band; Inflation accelerating +1.53% (3m); Repo rate at historic low: 4.00%
2022-02-01,0.759,0.367,0.602,alert,0,CPI 6.0% above RBI's target band; Inflation accelerating +1.53% (3m); Repo rate at historic low: 4.00%,CPI 6.0% above RBI's target band; Inflation accelerating +1.53% (3m); Repo rate at historic low: 4.00%
2022-03-01,0.89,0.297,0.653,alert,0,CPI 6.0% above RBI's target band; Inflation accelerating +1.53% (3m); Repo rate at historic low: 4.00%,CPI 6.0% above RBI's target band; Inflation accelerating +1.53% (3m); Repo rate at historic low: 4.00%
2022-04-01,0.03,0.299,0.137,alert,0,CPI 7.8% above RBI's target band; Inflation accelerating +1.78% (3m); Repo rate at historic low: 4.00%,CPI 7.8% above RBI's target band; Inflation accelerating +1.78% (3m); Repo rate at historic low: 4.00%
2022-05-01,0.004,0.299,0.122,alert,0,CPI 7.8% above RBI's target band; Inflation accelerating +1.78% (3m); Repo rate at historic low: 4.00%,CPI 7.8% above RBI's target band; Inflation accelerating +1.78% (3m); Repo rate at historic low: 4.00%
2022-06-01,0.003,0.299,0.121,alert,0,CPI 7.8% above RBI's target band; Inflation accelerating +1.78% (3m); Repo rate at historic low: 4.40%,CPI 7.8% above RBI's target band; Inflation accelerating +1.78% (3m); Repo rate at historic low: 4.40%
2022-07-01,0.421,0.22,0.34,alert,0,"CPI 6.7% above RBI's target band; Feature pattern far outside normal range (AE pct=1.00, Mahalanobis pct=1.00)","CPI 6.7% above RBI's target band; Feature pattern far outside normal range (AE pct=1.00, Mahalanobis pct=1.00)"
2022-08-01,0.011,0.22,0.095,alert,0,"CPI 6.7% above RBI's target band; Feature pattern far outside normal range (AE pct=1.00, Mahalanobis pct=1.00)","CPI 6.7% above RBI's target band; Feature pattern far outside normal range (AE pct=1.00, Mahalanobis pct=1.00)"
2022-09-01,0.952,0.22,0.659,alert,0,"CPI 6.7% above RBI's target band; Feature pattern far outside normal range (AE pct=1.00, Mahalanobis pct=1.00)","CPI 6.7% above RBI's target band; Feature pattern far outside normal range (AE pct=1.00, Mahalanobis pct=1.00)"
2022-10-01,0.007,0.22,0.092,alert,0,"CPI 6.8% above RBI's target band; Feature pattern far outside normal range (AE pct=1.00, Mahalanobis pct=1.00)","CPI 6.8% above RBI's target band; Feature pattern far outside normal range (AE pct=1.00, Mahalanobis pct=1.00)"
2022-11-01,0.023,0.22,0.102,alert,0,"CPI 6.8% above RBI's target band; Feature pattern far outside normal range (AE pct=1.00, Mahalanobis pct=1.00)","CPI 6.8% above RBI's target band; Feature pattern far outside normal range (AE pct=1.00, Mahalanobis pct=1.00)"
2022-12-01,0.014,0.22,0.096,alert,0,"CPI 6.8% above RBI's target band; Feature pattern far outside normal range (AE pct=1.00, Mahalanobis pct=1.00)","CPI 6.8% above RBI's target band; Feature pattern far outside normal range (AE pct=1.00, Mahalanobis pct=1.00)"
2023-01-01,0.007,0.22,0.092,alert,0,"CPI 6.5% above RBI's target band; Feature pattern far outside normal range (AE pct=1.00, Mahalanobis pct=1.00)","CPI 6.5% above RBI's target band; Feature pattern far outside normal range (AE pct=1.00, Mahalanobis pct=1.00)"
2023-02-01,0.936,0.22,0.65,alert,0,"CPI 6.5% above RBI's target band; Feature pattern far outside normal range (AE pct=1.00, Mahalanobis pct=1.00)","CPI 6.5% above RBI's target band; Feature pattern far outside normal range (AE pct=1.00, Mahalanobis pct=1.00)"
2023-03-01,0.011,0.22,0.094,alert,0,"CPI 6.5% above RBI's target band; Feature pattern far outside normal range (AE pct=1.00, Mahalanobis pct=1.00)","CPI 6.5% above RBI's target band; Feature pattern far outside normal range (AE pct=1.00, Mahalanobis pct=1.00)"
2023-04-01,0.01,0.16,0.07,alert,0,"Feature pattern far outside normal range (AE pct=1.00, Mahalanobis pct=1.00)","Feature pattern far outside normal range (AE pct=1.00, Mahalanobis pct=1.00)"
2023-05-01,0.067,0.16,0.104,alert,0,"Feature pattern far outside normal range (AE pct=1.00, Mahalanobis pct=1.00)","Feature pattern far outside normal range (AE pct=1.00, Mahalanobis pct=1.00)"
2023-06-01,0.002,0.16,0.065,alert,0,"Feature pattern far outside normal range (AE pct=1.00, Mahalanobis pct=1.00)","Feature pattern far outside normal range (AE pct=1.00, Mahalanobis pct=1.00)"
2023-07-01,0.001,0.264,0.106,alert,0,"CPI 7.4% above RBI's target band; Inflation accelerating +2.74% (3m); Feature pattern far outside normal range (AE pct=1.00, Mahalanobis pct=0.99)","CPI 7.4% above RBI's target band; Inflation accelerating +2.74% (3m); Feature pattern far outside normal range (AE pct=1.00, Mahalanobis pct=0.99)"
2023-08-01,0.001,0.316,0.127,alert,0,CPI 7.4% above RBI's target band; Inflation accelerating +2.74% (3m); MPC tone negative: sentiment=-0.540,CPI 7.4% above RBI's target band; Inflation accelerating +2.74% (3m); MPC tone negative: sentiment=-0.540
2023-09-01,0.001,0.316,0.127,alert,0,CPI 7.4% above RBI's target band; Inflation accelerating +2.74% (3m); MPC tone negative: sentiment=-0.540,CPI 7.4% above RBI's target band; Inflation accelerating +2.74% (3m); MPC tone negative: sentiment=-0.540
2023-10-01,0.001,0.21,0.085,alert,0,"MPC tone negative: sentiment=-0.540; Feature pattern far outside normal range (AE pct=1.00, Mahalanobis pct=0.99)","MPC tone negative: sentiment=-0.540; Feature pattern far outside normal range (AE pct=1.00, Mahalanobis pct=0.99)"
2023-11-01,0.003,0.21,0.086,alert,0,"MPC tone negative: sentiment=-0.540; Feature pattern far outside normal range (AE pct=1.00, Mahalanobis pct=0.99)","MPC tone negative: sentiment=-0.540; Feature pattern far outside normal range (AE pct=1.00, Mahalanobis pct=0.99)"
2023-12-01,0.002,0.208,0.085,alert,0,"MPC tone negative: sentiment=-0.540; Feature pattern far outside normal range (AE pct=0.97, Mahalanobis pct=0.99)","MPC tone negative: sentiment=-0.540; Feature pattern far outside normal range (AE pct=0.97, Mahalanobis pct=0.99)"
2024-01-01,0.001,0.207,0.084,alert,0,"MPC tone negative: sentiment=-0.540; Feature pattern far outside normal range (AE pct=0.98, Mahalanobis pct=0.98)","MPC tone negative: sentiment=-0.540; Feature pattern far outside normal range (AE pct=0.98, Mahalanobis pct=0.98)"
2024-02-01,0.001,0.207,0.083,alert,0,"MPC tone negative: sentiment=-0.240; Feature pattern far outside normal range (AE pct=0.98, Mahalanobis pct=0.97)","MPC tone negative: sentiment=-0.240; Feature pattern far outside normal range (AE pct=0.98, Mahalanobis pct=0.97)"
2024-03-01,0.001,0.206,0.083,alert,0,"MPC tone negative: sentiment=-0.240; Feature pattern far outside normal range (AE pct=0.96, Mahalanobis pct=0.97)","MPC tone negative: sentiment=-0.240; Feature pattern far outside normal range (AE pct=0.96, Mahalanobis pct=0.97)"
2024-04-01,0.004,0.207,0.085,alert,0,"MPC tone negative: sentiment=-0.240; Feature pattern far outside normal range (AE pct=0.98, Mahalanobis pct=0.97)","MPC tone negative: sentiment=-0.240; Feature pattern far outside normal range (AE pct=0.98, Mahalanobis pct=0.97)"
2024-05-01,0.004,0.209,0.086,alert,0,"MPC tone negative: sentiment=-0.240; Feature pattern far outside normal range (AE pct=1.00, Mahalanobis pct=0.98)","MPC tone negative: sentiment=-0.240; Feature pattern far outside normal range (AE pct=1.00, Mahalanobis pct=0.98)"
2024-06-01,0.001,0.207,0.083,alert,0,"MPC tone negative: sentiment=-0.240; Feature pattern far outside normal range (AE pct=0.97, Mahalanobis pct=0.98)","MPC tone negative: sentiment=-0.240; Feature pattern far outside normal range (AE pct=0.97, Mahalanobis pct=0.98)"
2024-07-01,0.003,0.206,0.084,alert,0,"MPC tone negative: sentiment=-0.240; Feature pattern far outside normal range (AE pct=0.97, Mahalanobis pct=0.97)","MPC tone negative: sentiment=-0.240; Feature pattern far outside normal range (AE pct=0.97, Mahalanobis pct=0.97)"
2024-08-01,0.006,0.158,0.067,alert,0,"Feature pattern far outside normal range (AE pct=1.00, Mahalanobis pct=0.97)","Feature pattern far outside normal range (AE pct=1.00, Mahalanobis pct=0.97)"
2024-09-01,0.006,0.156,0.066,alert,0,"Feature pattern far outside normal range (AE pct=0.98, Mahalanobis pct=0.97)","Feature pattern far outside normal range (AE pct=0.98, Mahalanobis pct=0.97)"
2024-10-01,0.007,0.259,0.108,alert,0,"CPI 6.2% above RBI's target band; Inflation accelerating +2.67% (3m); Feature pattern far outside normal range (AE pct=0.96, Mahalanobis pct=0.96)","CPI 6.2% above RBI's target band; Inflation accelerating +2.67% (3m); Feature pattern far outside normal range (AE pct=0.96, Mahalanobis pct=0.96)"
2024-11-01,0.004,0.259,0.106,alert,0,"CPI 6.2% above RBI's target band; Inflation accelerating +2.67% (3m); Feature pattern far outside normal range (AE pct=0.96, Mahalanobis pct=0.96)","CPI 6.2% above RBI's target band; Inflation accelerating +2.67% (3m); Feature pattern far outside normal range (AE pct=0.96, Mahalanobis pct=0.96)"
2024-12-01,0.988,0.259,0.697,alert,0,"CPI 6.2% above RBI's target band; Inflation accelerating +2.67% (3m); Feature pattern far outside normal range (AE pct=0.97, Mahalanobis pct=0.96)","CPI 6.2% above RBI's target band; Inflation accelerating +2.67% (3m); Feature pattern far outside normal range (AE pct=0.97, Mahalanobis pct=0.96)"
2025-01-01,0.911,0.158,0.61,alert,0,"Feature pattern far outside normal range (AE pct=1.00, Mahalanobis pct=0.98)","Feature pattern far outside normal range (AE pct=1.00, Mahalanobis pct=0.98)"
2025-02-01,0.755,0.158,0.516,alert,0,"Feature pattern far outside normal range (AE pct=1.00, Mahalanobis pct=0.98)","2025-02: elevated recession risk (P=51.6%). Feature pattern far outside normal range (AE pct=1.00, Mahalanobis pct=0.98) Related policy commentary: [Economic Survey 2026-01] the immature mind settles for Preya. In other words, the country stands to gain immensely when all of us embrace delayed gratification. The global env... | [Economic Survey 2026-01] has taken hold in the government. Fast forward five months, and India is now anticipating a full- year real growth rate of over 7%, with another year ..."
2025-03-01,0.489,0.158,0.356,alert,0,"Feature pattern far outside normal range (AE pct=1.00, Mahalanobis pct=0.98)","2025-03: elevated recession risk (P=35.6%). Feature pattern far outside normal range (AE pct=1.00, Mahalanobis pct=0.98) Related policy commentary: [Economic Survey 2026-01] the immature mind settles for Preya. In other words, the country stands to gain immensely when all of us embrace delayed gratification. The global env... | [Economic Survey 2026-01] has taken hold in the government. Fast forward five months, and India is now anticipating a full- year real growth rate of over 7%, with another year ..."
2025-04-01,0.041,0.159,0.088,alert,0,"Feature pattern far outside normal range (AE pct=1.00, Mahalanobis pct=0.98)","2025-04: elevated recession risk (P=8.8%). Feature pattern far outside normal range (AE pct=1.00, Mahalanobis pct=0.98) Related policy commentary: [Economic Survey 2026-01] the immature mind settles for Preya. In other words, the country stands to gain immensely when all of us embrace delayed gratification. The global env... | [Economic Survey 2026-01] has taken hold in the government. Fast forward five months, and India is now anticipating a full- year real growth rate of over 7%, with another year ..."
2025-05-01,0.009,0.159,0.069,alert,0,"Feature pattern far outside normal range (AE pct=1.00, Mahalanobis pct=0.99)","2025-05: elevated recession risk (P=6.9%). Feature pattern far outside normal range (AE pct=1.00, Mahalanobis pct=0.99) Related policy commentary: [Economic Survey 2026-01] the immature mind settles for Preya. In other words, the country stands to gain immensely when all of us embrace delayed gratification. The global env... | [Economic Survey 2026-01] has taken hold in the government. Fast forward five months, and India is now anticipating a full- year real growth rate of over 7%, with another year ..."
2025-06-01,0.002,0.159,0.065,alert,0,"Feature pattern far outside normal range (AE pct=1.00, Mahalanobis pct=0.99)","2025-06: elevated recession risk (P=6.5%). Feature pattern far outside normal range (AE pct=1.00, Mahalanobis pct=0.99) Related policy commentary: [Economic Survey 2026-01] the immature mind settles for Preya. In other words, the country stands to gain immensely when all of us embrace delayed gratification. The global env... | [Economic Survey 2026-01] has taken hold in the government. Fast forward five months, and India is now anticipating a full- year real growth rate of over 7%, with another year ..."
2025-07-01,0.001,0.16,0.065,alert,0,"Feature pattern far outside normal range (AE pct=1.00, Mahalanobis pct=1.00)","2025-07: elevated recession risk (P=6.5%). Feature pattern far outside normal range (AE pct=1.00, Mahalanobis pct=1.00) Related policy commentary: [Economic Survey 2026-01] the immature mind settles for Preya. In other words, the country stands to gain immensely when all of us embrace delayed gratification. The global env... | [Economic Survey 2026-01] has taken hold in the government. Fast forward five months, and India is now anticipating a full- year real growth rate of over 7%, with another year ..."
2025-08-01,0.0,0.16,0.064,alert,0,"Feature pattern far outside normal range (AE pct=1.00, Mahalanobis pct=1.00)","2025-08: elevated recession risk (P=6.4%). Feature pattern far outside normal range (AE pct=1.00, Mahalanobis pct=1.00) Related policy commentary: [Economic Survey 2026-01] the immature mind settles for Preya. In other words, the country stands to gain immensely when all of us embrace delayed gratification. The global env... | [Economic Survey 2026-01] has taken hold in the government. Fast forward five months, and India is now anticipating a full- year real growth rate of over 7%, with another year ..."
2025-09-01,0.0,0.159,0.064,alert,0,"Feature pattern far outside normal range (AE pct=1.00, Mahalanobis pct=0.99)","2025-09: elevated recession risk (P=6.4%). Feature pattern far outside normal range (AE pct=1.00, Mahalanobis pct=0.99) Related policy commentary: [Economic Survey 2026-01] the immature mind settles for Preya. In other words, the country stands to gain immensely when all of us embrace delayed gratification. The global env... | [Economic Survey 2026-01] has taken hold in the government. Fast forward five months, and India is now anticipating a full- year real growth rate of over 7%, with another year ..."
2025-10-01,0.006,0.189,0.079,alert,0,"Deflation risk: CPI at 0.4%; Feature pattern far outside normal range (AE pct=1.00, Mahalanobis pct=0.99)","2025-10: elevated recession risk (P=7.9%). Deflation risk: CPI at 0.4% Feature pattern far outside normal range (AE pct=1.00, Mahalanobis pct=0.99) Related policy commentary: [Economic Survey 2026-01] has taken hold in the government. Fast forward five months, and India is now anticipating a full- year real growth rate of over 7%, with another year ... | [Economic Survey 2026-01] the immature mind settles for Preya. In other words, the country stands to gain immensely when all of us embrace delayed gratification. The global env..."
2025-11-01,0.005,0.188,0.078,alert,0,"Deflation risk: CPI at 1.2%; Feature pattern far outside normal range (AE pct=1.00, Mahalanobis pct=0.98)","2025-11: elevated recession risk (P=7.8%). Deflation risk: CPI at 1.2% Feature pattern far outside normal range (AE pct=1.00, Mahalanobis pct=0.98) Related policy commentary: [Economic Survey 2026-01] has taken hold in the government. Fast forward five months, and India is now anticipating a full- year real growth rate of over 7%, with another year ... | [Budget Speech 2017-02] retreat from globalisation of goods, services and people, as pressures for protectionism are building up. These developments have the potential to aff..."
2025-12-01,0.017,0.188,0.085,alert,0,"Deflation risk: CPI at 0.6%; Feature pattern far outside normal range (AE pct=1.00, Mahalanobis pct=0.98)","2025-12: elevated recession risk (P=8.5%). Deflation risk: CPI at 0.6% Feature pattern far outside normal range (AE pct=1.00, Mahalanobis pct=0.98) Related policy commentary: [Economic Survey 2026-01] has taken hold in the government. Fast forward five months, and India is now anticipating a full- year real growth rate of over 7%, with another year ... | [Budget Speech 2017-02] retreat from globalisation of goods, services and people, as pressures for protectionism are building up. These developments have the potential to aff..."
2026-01-01,0.011,0.188,0.082,alert,0,"Deflation risk: CPI at 1.4%; Feature pattern far outside normal range (AE pct=1.00, Mahalanobis pct=0.98)","2026-01: elevated recession risk (P=8.2%). Deflation risk: CPI at 1.4% Feature pattern far outside normal range (AE pct=1.00, Mahalanobis pct=0.98) Related policy commentary: [Budget Speech 2017-02] retreat from globalisation of goods, services and people, as pressures for protectionism are building up. These developments have the potential to aff... | [Economic Survey 2026-01] the immature mind settles for Preya. In other words, the country stands to gain immensely when all of us embrace delayed gratification. The global env..."
2026-02-01,0.011,0.158,0.07,alert,0,"Feature pattern far outside normal range (AE pct=1.00, Mahalanobis pct=0.98)","2026-02: elevated recession risk (P=7.0%). Feature pattern far outside normal range (AE pct=1.00, Mahalanobis pct=0.98) Related policy commentary: [Economic Survey 2026-01] the immature mind settles for Preya. In other words, the country stands to gain immensely when all of us embrace delayed gratification. The global env... | [MPC Statement 2018-08] Preliminary data on India s balance of payments (BoP) for the first quarter (Q1),i.e.,April-June 2018-19, are presented inStatements I (BPM6 format)an..."
